datetime,timestamp,station,station_name,temperature_2m,relative_humidity_2m,precipitation,surface_pressure,wind_speed_10m,wind_direction_10m,shortwave_radiation
2025-05-22 00:00:00,1747868400,toulouse,Toulouse,13.9,85.0,0.1,999.9,20.2,268.0,0.0
2025-05-22 01:00:00,1747872000,toulouse,Toulouse,13.6,87.0,0.5,999.5,20.0,262.0,0.0
2025-05-22 02:00:00,1747875600,toulouse,Toulouse,13.3,91.0,0.8,999.0,20.6,265.0,0.0
2025-05-22 03:00:00,1747879200,toulouse,Toulouse,13.2,90.0,0.5,998.6,19.3,266.0,0.0
2025-05-22 04:00:00,1747882800,toulouse,Toulouse,12.9,92.0,0.4,998.4,21.8,279.0,0.0
2025-05-22 05:00:00,1747886400,toulouse,Toulouse,12.7,93.0,0.5,998.6,18.3,305.0,0.0
2025-05-22 06:00:00,1747890000,toulouse,Toulouse,11.9,95.0,0.0,998.9,15.8,306.0,0.0
2025-05-22 07:00:00,1747893600,toulouse,Toulouse,11.5,95.0,0.1,999.6,16.4,303.0,9.0
2025-05-22 08:00:00,1747897200,toulouse,Toulouse,11.9,88.0,0.2,1000.1,17.5,305.0,93.0
2025-05-22 09:00:00,1747900800,toulouse,Toulouse,12.6,86.0,2.0,1000.4,16.5,300.0,196.0
2025-05-22 10:00:00,1747904400,toulouse,Toulouse,13.6,81.0,0.1,1000.7,18.3,303.0,346.0
2025-05-22 11:00:00,1747908000,toulouse,Toulouse,14.0,74.0,0.1,1000.9,20.1,307.0,385.0
2025-05-22 12:00:00,1747911600,toulouse,Toulouse,14.8,71.0,0.1,1001.0,20.0,314.0,624.0
2025-05-22 13:00:00,1747915200,toulouse,Toulouse,15.8,63.0,0.1,1001.0,19.7,321.0,691.0
2025-05-22 14:00:00,1747918800,toulouse,Toulouse,16.4,60.0,0.0,1001.0,20.4,323.0,652.0
2025-05-22 15:00:00,1747922400,toulouse,Toulouse,16.0,59.0,0.0,1001.6,19.6,316.0,502.0
2025-05-22 16:00:00,1747926000,toulouse,Toulouse,16.7,56.0,0.0,1001.2,20.0,316.0,611.0
2025-05-22 17:00:00,1747929600,toulouse,Toulouse,17.1,54.0,0.0,1001.0,20.1,316.0,495.0
2025-05-22 18:00:00,1747933200,toulouse,Toulouse,16.9,55.0,0.0,1001.2,21.3,316.0,418.0
2025-05-22 19:00:00,1747936800,toulouse,Toulouse,16.5,58.0,0.0,1001.2,16.2,308.0,279.0
2025-05-22 20:00:00,1747940400,toulouse,Toulouse,16.2,61.0,0.0,1001.4,13.8,299.0,175.0
2025-05-22 21:00:00,1747944000,toulouse,Toulouse,15.1,65.0,0.0,1001.8,12.7,293.0,67.0
2025-05-22 22:00:00,1747947600,toulouse,Toulouse,14.3,69.0,0.0,1002.3,10.7,295.0,2.0
2025-05-22 23:00:00,1747951200,toulouse,Toulouse,13.4,73.0,0.0,1002.6,9.6,290.0,0.0
2025-05-23 00:00:00,1747954800,toulouse,Toulouse,12.8,75.0,0.0,1002.3,9.7,281.0,0.0
2025-05-23 01:00:00,1747958400,toulouse,Toulouse,12.1,79.0,0.0,1002.1,10.4,271.0,0.0
2025-05-23 02:00:00,1747962000,toulouse,Toulouse,11.6,83.0,0.0,1002.2,11.4,277.0,0.0
2025-05-23 03:00:00,1747965600,toulouse,Toulouse,11.2,87.0,0.0,1002.1,9.5,271.0,0.0
2025-05-23 04:00:00,1747969200,toulouse,Toulouse,10.6,90.0,0.0,1001.9,9.9,272.0,0.0
2025-05-23 05:00:00,1747972800,toulouse,Toulouse,10.2,92.0,0.0,1001.9,10.3,270.0,0.0
2025-05-23 06:00:00,1747976400,toulouse,Toulouse,9.8,93.0,0.0,1001.9,10.2,260.0,0.0
2025-05-23 07:00:00,1747980000,toulouse,Toulouse,9.9,94.0,0.0,1002.0,10.8,259.0,11.0
2025-05-23 08:00:00,1747983600,toulouse,Toulouse,11.1,90.0,0.0,1002.1,11.9,269.0,114.0
2025-05-23 09:00:00,1747987200,toulouse,Toulouse,12.4,85.0,1.7,1002.0,13.0,276.0,167.0
2025-05-23 10:00:00,1747990800,toulouse,Toulouse,13.9,81.0,4.1,1002.2,16.1,292.0,308.0
2025-05-23 11:00:00,1747994400,toulouse,Toulouse,15.0,79.0,0.1,1002.1,15.4,291.0,368.0
2025-05-23 12:00:00,1747998000,toulouse,Toulouse,16.3,75.0,0.0,1002.1,14.1,292.0,489.0
2025-05-23 13:00:00,1748001600,toulouse,Toulouse,17.4,71.0,0.1,1001.8,14.0,298.0,630.0
2025-05-23 14:00:00,1748005200,toulouse,Toulouse,18.4,67.0,0.0,1001.5,14.4,300.0,734.0
2025-05-23 15:00:00,1748008800,toulouse,Toulouse,18.8,58.0,0.2,1001.4,15.2,306.0,594.0
2025-05-23 16:00:00,1748012400,toulouse,Toulouse,19.0,58.0,0.1,1001.3,14.7,307.0,563.0
2025-05-23 17:00:00,1748016000,toulouse,Toulouse,19.1,59.0,0.1,1001.1,14.9,312.0,611.0
2025-05-23 18:00:00,1748019600,toulouse,Toulouse,18.4,62.0,0.0,1001.2,16.7,311.0,479.0
2025-05-23 19:00:00,1748023200,toulouse,Toulouse,17.4,67.0,0.2,1001.6,14.9,288.0,301.0
2025-05-23 20:00:00,1748026800,toulouse,Toulouse,17.3,69.0,0.0,1001.6,13.5,279.0,205.0
2025-05-23 21:00:00,1748030400,toulouse,Toulouse,16.4,74.0,0.0,1001.9,13.4,275.0,68.0
2025-05-23 22:00:00,1748034000,toulouse,Toulouse,15.1,79.0,0.0,1002.4,13.3,267.0,2.0
2025-05-23 23:00:00,1748037600,toulouse,Toulouse,14.2,83.0,0.0,1002.9,14.1,265.0,0.0
2025-05-24 00:00:00,1748041200,toulouse,Toulouse,14.0,84.0,0.0,1003.1,14.9,270.0,0.0
2025-05-24 01:00:00,1748044800,toulouse,Toulouse,13.7,84.0,0.0,1003.1,15.1,271.0,0.0
2025-05-24 02:00:00,1748048400,toulouse,Toulouse,13.1,87.0,0.0,1003.2,13.9,274.0,0.0
2025-05-24 03:00:00,1748052000,toulouse,Toulouse,12.6,89.0,0.0,1003.6,13.9,280.0,0.0
2025-05-24 04:00:00,1748055600,toulouse,Toulouse,12.0,91.0,0.0,1003.4,13.2,280.0,0.0
2025-05-24 05:00:00,1748059200,toulouse,Toulouse,11.9,91.0,0.0,1003.4,12.7,281.0,0.0
2025-05-24 06:00:00,1748062800,toulouse,Toulouse,11.4,93.0,0.0,1003.4,11.7,281.0,0.0
2025-05-24 07:00:00,1748066400,toulouse,Toulouse,10.9,96.0,0.0,1003.7,10.7,277.0,12.0
2025-05-24 08:00:00,1748070000,toulouse,Toulouse,11.6,95.0,0.0,1004.0,13.2,284.0,105.0
2025-05-24 09:00:00,1748073600,toulouse,Toulouse,12.9,85.0,0.0,1004.4,14.3,288.0,198.0
2025-05-24 10:00:00,1748077200,toulouse,Toulouse,14.4,74.0,0.0,1004.5,14.1,286.0,374.0
2025-05-24 11:00:00,1748080800,toulouse,Toulouse,16.0,61.0,0.0,1004.6,13.5,291.0,567.0
2025-05-24 12:00:00,1748084400,toulouse,Toulouse,17.4,56.0,0.0,1004.5,12.1,288.0,720.0
2025-05-24 13:00:00,1748088000,toulouse,Toulouse,18.4,53.0,0.0,1004.3,11.9,290.0,820.0
2025-05-24 14:00:00,1748091600,toulouse,Toulouse,18.9,51.0,0.0,1003.8,11.2,285.0,847.0
2025-05-24 15:00:00,1748095200,toulouse,Toulouse,19.7,46.0,0.0,1003.7,10.4,291.0,827.0
2025-05-24 16:00:00,1748098800,toulouse,Toulouse,19.8,47.0,0.0,1003.4,11.2,286.0,771.0
2025-05-24 17:00:00,1748102400,toulouse,Toulouse,19.6,50.0,0.0,1003.1,11.5,297.0,705.0
2025-05-24 18:00:00,1748106000,toulouse,Toulouse,19.3,51.0,0.0,1003.0,10.3,305.0,559.0
2025-05-24 19:00:00,1748109600,toulouse,Toulouse,19.0,52.0,0.0,1002.8,9.6,304.0,393.0
2025-05-24 20:00:00,1748113200,toulouse,Toulouse,18.4,59.0,0.0,1002.9,6.6,299.0,222.0
2025-05-24 21:00:00,1748116800,toulouse,Toulouse,17.0,72.0,0.0,1003.0,3.6,276.0,74.0
2025-05-24 22:00:00,1748120400,toulouse,Toulouse,15.8,74.0,0.0,1003.2,4.2,263.0,2.0
2025-05-24 23:00:00,1748124000,toulouse,Toulouse,15.4,75.0,0.0,1003.2,5.8,236.0,0.0
2025-05-25 00:00:00,1748127600,toulouse,Toulouse,14.6,78.0,0.0,1003.0,6.2,237.0,0.0
2025-05-25 01:00:00,1748131200,toulouse,Toulouse,13.8,79.0,0.0,1002.7,5.5,229.0,0.0
2025-05-25 02:00:00,1748134800,toulouse,Toulouse,13.2,80.0,0.0,1002.4,5.6,225.0,0.0
2025-05-25 03:00:00,1748138400,toulouse,Toulouse,12.6,83.0,0.0,1002.3,4.7,230.0,0.0
2025-05-25 04:00:00,1748142000,toulouse,Toulouse,11.8,85.0,0.0,1002.3,3.0,327.0,0.0
2025-05-25 05:00:00,1748145600,toulouse,Toulouse,11.5,86.0,0.0,1002.2,1.4,50.0,0.0
2025-05-25 06:00:00,1748149200,toulouse,Toulouse,10.8,89.0,0.0,1001.9,2.0,180.0,0.0
2025-05-25 07:00:00,1748152800,toulouse,Toulouse,10.7,92.0,0.0,1002.1,2.2,204.0,12.0
2025-05-25 08:00:00,1748156400,toulouse,Toulouse,12.2,88.0,0.0,1002.5,3.4,198.0,116.0
2025-05-25 09:00:00,1748160000,toulouse,Toulouse,14.3,81.0,0.0,1002.7,3.1,220.0,282.0
2025-05-25 10:00:00,1748163600,toulouse,Toulouse,16.3,74.0,0.0,1003.0,3.7,241.0,456.0
2025-05-25 11:00:00,1748167200,toulouse,Toulouse,18.1,68.0,0.0,1002.9,4.1,272.0,617.0
2025-05-25 12:00:00,1748170800,toulouse,Toulouse,19.2,63.0,0.0,1002.9,6.8,302.0,693.0
2025-05-25 13:00:00,1748174400,toulouse,Toulouse,20.2,58.0,0.0,1003.1,9.8,300.0,786.0
2025-05-25 14:00:00,1748178000,toulouse,Toulouse,21.0,55.0,0.0,1002.8,8.7,288.0,859.0
2025-05-25 15:00:00,1748181600,toulouse,Toulouse,22.0,51.0,0.0,1002.7,11.6,289.0,878.0
2025-05-25 16:00:00,1748185200,toulouse,Toulouse,22.0,48.0,0.0,1002.7,13.6,285.0,779.0
2025-05-25 17:00:00,1748188800,toulouse,Toulouse,21.8,47.0,0.0,1002.5,14.3,287.0,699.0
2025-05-25 18:00:00,1748192400,toulouse,Toulouse,21.5,49.0,0.0,1002.6,13.5,293.0,578.0
2025-05-25 19:00:00,1748196000,toulouse,Toulouse,21.1,50.0,0.0,1002.4,12.1,250.0,414.0
2025-05-25 20:00:00,1748199600,toulouse,Toulouse,20.9,55.0,0.0,1002.3,9.2,264.0,170.0
2025-05-25 21:00:00,1748203200,toulouse,Toulouse,19.4,70.0,0.6,1002.9,8.6,293.0,57.0
2025-05-25 22:00:00,1748206800,toulouse,Toulouse,18.5,71.0,0.0,1003.6,13.3,286.0,2.0
2025-05-25 23:00:00,1748210400,toulouse,Toulouse,17.0,77.0,0.0,1004.1,10.6,304.0,0.0
2025-05-26 00:00:00,1748214000,toulouse,Toulouse,15.8,83.0,0.0,1004.5,7.7,294.0,0.0
2025-05-26 01:00:00,1748217600,toulouse,Toulouse,15.0,86.0,0.0,1004.7,7.7,288.0,0.0
2025-05-26 02:00:00,1748221200,toulouse,Toulouse,14.5,88.0,0.0,1004.7,8.6,278.0,0.0
2025-05-26 03:00:00,1748224800,toulouse,Toulouse,14.1,89.0,0.0,1004.9,10.1,273.0,0.0
2025-05-26 04:00:00,1748228400,toulouse,Toulouse,14.1,89.0,0.0,1004.8,9.4,266.0,0.0
2025-05-26 05:00:00,1748232000,toulouse,Toulouse,14.4,89.0,0.0,1004.7,8.7,265.0,0.0
2025-05-26 06:00:00,1748235600,toulouse,Toulouse,14.4,90.0,0.2,1004.9,8.3,266.0,0.0
2025-05-26 07:00:00,1748239200,toulouse,Toulouse,14.4,91.0,0.1,1005.2,7.8,293.0,3.0
2025-05-26 08:00:00,1748242800,toulouse,Toulouse,14.5,90.0,0.0,1005.6,8.7,317.0,52.0
2025-05-26 09:00:00,1748246400,toulouse,Toulouse,14.7,85.0,0.0,1005.8,10.3,324.0,154.0
2025-05-26 10:00:00,1748250000,toulouse,Toulouse,15.6,77.0,0.0,1005.8,10.6,325.0,269.0
2025-05-26 11:00:00,1748253600,toulouse,Toulouse,17.2,67.0,0.0,1005.7,11.2,316.0,551.0
2025-05-26 12:00:00,1748257200,toulouse,Toulouse,18.0,61.0,0.0,1005.5,12.1,303.0,526.0
2025-05-26 13:00:00,1748260800,toulouse,Toulouse,18.6,59.0,0.0,1005.6,13.2,307.0,528.0
2025-05-26 14:00:00,1748264400,toulouse,Toulouse,19.3,57.0,0.0,1005.3,13.6,312.0,612.0
2025-05-26 15:00:00,1748268000,toulouse,Toulouse,19.9,54.0,0.0,1005.2,12.4,309.0,593.0
2025-05-26 16:00:00,1748271600,toulouse,Toulouse,20.6,50.0,0.0,1004.8,12.4,304.0,685.0
2025-05-26 17:00:00,1748275200,toulouse,Toulouse,20.3,49.0,0.0,1004.6,12.5,302.0,482.0
2025-05-26 18:00:00,1748278800,toulouse,Toulouse,20.5,48.0,0.0,1004.3,12.1,303.0,456.0
2025-05-26 19:00:00,1748282400,toulouse,Toulouse,19.8,50.0,0.0,1004.1,10.2,323.0,238.0
2025-05-26 20:00:00,1748286000,toulouse,Toulouse,18.9,60.0,0.0,1004.2,6.0,351.0,133.0
2025-05-26 21:00:00,1748289600,toulouse,Toulouse,17.8,69.0,0.0,1004.5,4.6,339.0,55.0
2025-05-26 22:00:00,1748293200,toulouse,Toulouse,16.3,72.0,0.0,1005.3,6.8,333.0,3.0
2025-05-26 23:00:00,1748296800,toulouse,Toulouse,15.1,75.0,0.0,1005.3,5.2,331.0,0.0
2025-05-27 00:00:00,1748300400,toulouse,Toulouse,14.4,78.0,0.0,1005.7,4.6,306.0,0.0
2025-05-27 01:00:00,1748304000,toulouse,Toulouse,14.0,78.0,0.0,1005.6,5.3,262.0,0.0
2025-05-27 02:00:00,1748307600,toulouse,Toulouse,13.5,81.0,0.0,1005.8,7.2,284.0,0.0
2025-05-27 03:00:00,1748311200,toulouse,Toulouse,13.0,82.0,0.0,1006.2,8.1,298.0,0.0
2025-05-27 04:00:00,1748314800,toulouse,Toulouse,12.1,86.0,0.0,1006.4,8.7,287.0,0.0
2025-05-27 05:00:00,1748318400,toulouse,Toulouse,11.6,88.0,0.0,1006.5,10.2,284.0,0.0
2025-05-27 06:00:00,1748322000,toulouse,Toulouse,11.5,88.0,0.0,1006.8,9.7,292.0,0.0
2025-05-27 07:00:00,1748325600,toulouse,Toulouse,11.0,90.0,0.0,1007.1,9.4,290.0,13.0
2025-05-27 08:00:00,1748329200,toulouse,Toulouse,11.9,86.0,0.0,1007.6,7.1,280.0,107.0
2025-05-27 09:00:00,1748332800,toulouse,Toulouse,13.5,80.0,0.0,1007.9,7.0,291.0,295.0
2025-05-27 10:00:00,1748336400,toulouse,Toulouse,15.2,72.0,0.0,1008.1,9.6,310.0,473.0
2025-05-27 11:00:00,1748340000,toulouse,Toulouse,16.6,62.0,0.0,1007.7,10.4,314.0,608.0
2025-05-27 12:00:00,1748343600,toulouse,Toulouse,17.6,55.0,0.0,1007.5,10.7,305.0,613.0
2025-05-27 13:00:00,1748347200,toulouse,Toulouse,18.5,51.0,0.0,1007.3,11.0,318.0,694.0
2025-05-27 14:00:00,1748350800,toulouse,Toulouse,19.1,50.0,0.0,1007.2,11.4,329.0,748.0
2025-05-27 15:00:00,1748354400,toulouse,Toulouse,20.1,50.0,0.0,1006.5,9.4,329.0,879.0
2025-05-27 16:00:00,1748358000,toulouse,Toulouse,20.5,50.0,0.0,1006.3,9.0,334.0,837.0
2025-05-27 17:00:00,1748361600,toulouse,Toulouse,20.6,51.0,0.0,1006.1,9.0,337.0,728.0
2025-05-27 18:00:00,1748365200,toulouse,Toulouse,20.5,50.0,0.0,1005.8,9.4,334.0,585.0
2025-05-27 19:00:00,1748368800,toulouse,Toulouse,20.2,51.0,0.0,1005.8,8.6,330.0,415.0
2025-05-27 20:00:00,1748372400,toulouse,Toulouse,19.8,54.0,0.0,1005.9,6.4,308.0,237.0
2025-05-27 21:00:00,1748376000,toulouse,Toulouse,18.6,61.0,0.0,1006.0,6.1,256.0,77.0
2025-05-27 22:00:00,1748379600,toulouse,Toulouse,17.6,64.0,0.0,1006.1,8.0,239.0,3.0
2025-05-27 23:00:00,1748383200,toulouse,Toulouse,17.0,67.0,0.0,1006.2,7.0,238.0,0.0
2025-05-28 00:00:00,1748386800,toulouse,Toulouse,16.2,73.0,0.0,1006.1,4.2,275.0,0.0
2025-05-28 01:00:00,1748390400,toulouse,Toulouse,15.4,77.0,0.0,1006.1,4.3,318.0,0.0
2025-05-28 02:00:00,1748394000,toulouse,Toulouse,14.4,81.0,0.0,1006.0,3.6,340.0,0.0
2025-05-28 03:00:00,1748397600,toulouse,Toulouse,13.3,86.0,0.0,1006.2,3.2,357.0,0.0
2025-05-28 04:00:00,1748401200,toulouse,Toulouse,13.0,86.0,0.0,1006.1,0.7,284.0,0.0
2025-05-28 05:00:00,1748404800,toulouse,Toulouse,12.5,88.0,0.0,1006.2,0.5,225.0,0.0
2025-05-28 06:00:00,1748408400,toulouse,Toulouse,11.7,92.0,0.0,1006.1,2.4,207.0,0.0
2025-05-28 07:00:00,1748412000,toulouse,Toulouse,12.0,92.0,0.0,1006.4,3.6,225.0,14.0
2025-05-28 08:00:00,1748415600,toulouse,Toulouse,13.9,83.0,0.0,1006.7,4.8,214.0,122.0
2025-05-28 09:00:00,1748419200,toulouse,Toulouse,16.4,73.0,0.0,1007.7,3.6,297.0,290.0
2025-05-28 10:00:00,1748422800,toulouse,Toulouse,18.5,62.0,0.0,1007.8,3.0,287.0,469.0
2025-05-28 11:00:00,1748426400,toulouse,Toulouse,20.3,55.0,0.0,1008.0,4.9,298.0,636.0
2025-05-28 12:00:00,1748430000,toulouse,Toulouse,21.8,51.0,0.0,1008.3,7.6,308.0,771.0
2025-05-28 13:00:00,1748433600,toulouse,Toulouse,23.0,49.0,0.0,1008.2,8.5,308.0,867.0
2025-05-28 14:00:00,1748437200,toulouse,Toulouse,24.2,47.0,0.0,1007.9,8.8,296.0,919.0
2025-05-28 15:00:00,1748440800,toulouse,Toulouse,25.0,44.0,0.0,1007.4,12.1,319.0,908.0
2025-05-28 16:00:00,1748444400,toulouse,Toulouse,25.3,44.0,0.0,1007.4,12.7,320.0,845.0
2025-05-28 17:00:00,1748448000,toulouse,Toulouse,25.4,43.0,0.0,1007.1,12.1,314.0,731.0
2025-05-28 18:00:00,1748451600,toulouse,Toulouse,25.3,44.0,0.0,1006.7,12.0,306.0,584.0
2025-05-28 19:00:00,1748455200,toulouse,Toulouse,24.7,48.0,0.0,1006.8,12.5,306.0,412.0
2025-05-28 20:00:00,1748458800,toulouse,Toulouse,24.1,50.0,0.0,1006.8,11.8,313.0,229.0
2025-05-28 21:00:00,1748462400,toulouse,Toulouse,22.8,56.0,0.0,1007.2,9.6,330.0,76.0
2025-05-28 22:00:00,1748466000,toulouse,Toulouse,21.5,63.0,0.0,1007.5,6.1,304.0,3.0
2025-05-28 23:00:00,1748469600,toulouse,Toulouse,20.8,67.0,0.0,1007.9,6.5,289.0,0.0
2025-05-29 00:00:00,1748473200,toulouse,Toulouse,20.0,71.0,0.0,1007.9,7.6,273.0,0.0
2025-05-29 01:00:00,1748476800,toulouse,Toulouse,18.8,77.0,0.0,1008.2,8.9,297.0,0.0
2025-05-29 02:00:00,1748480400,toulouse,Toulouse,17.7,78.0,0.0,1008.1,8.4,318.0,0.0
2025-05-29 03:00:00,1748484000,toulouse,Toulouse,17.1,76.0,0.0,1007.8,7.4,317.0,0.0
2025-05-29 04:00:00,1748487600,toulouse,Toulouse,16.3,80.0,0.0,1007.6,7.2,323.0,0.0
2025-05-29 05:00:00,1748491200,toulouse,Toulouse,15.6,83.0,0.0,1007.3,6.0,314.0,0.0
2025-05-29 06:00:00,1748494800,toulouse,Toulouse,15.0,87.0,0.0,1007.4,5.2,314.0,0.0
2025-05-29 07:00:00,1748498400,toulouse,Toulouse,14.8,88.0,0.0,1007.6,5.2,301.0,14.0
2025-05-29 08:00:00,1748502000,toulouse,Toulouse,15.8,83.0,0.0,1007.9,4.3,292.0,119.0
2025-05-29 09:00:00,1748505600,toulouse,Toulouse,17.4,75.0,0.0,1008.0,3.3,276.0,283.0
2025-05-29 10:00:00,1748509200,toulouse,Toulouse,19.5,65.0,0.0,1007.8,2.2,275.0,461.0
2025-05-29 11:00:00,1748512800,toulouse,Toulouse,21.5,55.0,0.0,1007.6,1.9,326.0,626.0
2025-05-29 12:00:00,1748516400,toulouse,Toulouse,23.4,49.0,0.0,1007.3,2.1,345.0,763.0
2025-05-29 13:00:00,1748520000,toulouse,Toulouse,25.1,44.0,0.0,1007.1,4.0,3.0,858.0
2025-05-29 14:00:00,1748523600,toulouse,Toulouse,26.5,41.0,0.0,1006.6,5.6,2.0,904.0
2025-05-29 15:00:00,1748527200,toulouse,Toulouse,27.9,38.0,0.0,1005.9,7.6,12.0,898.0
2025-05-29 16:00:00,1748530800,toulouse,Toulouse,28.6,37.0,0.0,1005.3,7.8,13.0,839.0
2025-05-29 17:00:00,1748534400,toulouse,Toulouse,28.8,37.0,0.0,1004.7,8.5,13.0,731.0
2025-05-29 18:00:00,1748538000,toulouse,Toulouse,28.5,39.0,0.0,1004.2,9.1,14.0,585.0
2025-05-29 19:00:00,1748541600,toulouse,Toulouse,27.8,42.0,0.0,1003.8,8.9,14.0,414.0
2025-05-29 20:00:00,1748545200,toulouse,Toulouse,26.9,45.0,0.0,1003.7,8.3,16.0,237.0
2025-05-29 21:00:00,1748548800,toulouse,Toulouse,25.9,51.0,0.0,1003.8,5.4,20.0,82.0
2025-05-29 22:00:00,1748552400,toulouse,Toulouse,24.6,58.0,0.0,1003.8,1.1,9.0,4.0
2025-05-29 23:00:00,1748556000,toulouse,Toulouse,23.7,62.0,0.0,1004.3,0.4,153.0,0.0
2025-05-30 00:00:00,1748559600,toulouse,Toulouse,22.6,65.0,0.0,1004.2,1.4,157.0,0.0
2025-05-30 01:00:00,1748563200,toulouse,Toulouse,21.3,71.0,0.0,1004.0,2.1,142.0,0.0
2025-05-30 02:00:00,1748566800,toulouse,Toulouse,20.4,76.0,0.0,1003.7,2.2,114.0,0.0
2025-05-30 03:00:00,1748570400,toulouse,Toulouse,18.8,82.0,0.0,1003.1,4.6,101.0,0.0
2025-05-30 04:00:00,1748574000,toulouse,Toulouse,17.6,88.0,0.0,1002.8,4.1,103.0,0.0
2025-05-30 05:00:00,1748577600,toulouse,Toulouse,16.8,91.0,0.0,1002.5,5.6,84.0,0.0
2025-05-30 06:00:00,1748581200,toulouse,Toulouse,16.1,93.0,0.0,1002.4,5.4,86.0,0.0
2025-05-30 07:00:00,1748584800,toulouse,Toulouse,16.0,93.0,0.0,1002.4,5.9,117.0,15.0
2025-05-30 08:00:00,1748588400,toulouse,Toulouse,17.8,83.0,0.0,1002.4,4.2,100.0,124.0
2025-05-30 09:00:00,1748592000,toulouse,Toulouse,20.8,71.0,0.0,1002.6,1.8,45.0,292.0
2025-05-30 10:00:00,1748595600,toulouse,Toulouse,24.1,58.0,0.0,1002.8,3.4,65.0,473.0
2025-05-30 11:00:00,1748599200,toulouse,Toulouse,26.9,48.0,0.0,1002.7,5.8,85.0,642.0
2025-05-30 12:00:00,1748602800,toulouse,Toulouse,29.1,41.0,0.0,1002.5,5.9,101.0,780.0
2025-05-30 13:00:00,1748606400,toulouse,Toulouse,30.8,33.0,0.0,1002.3,5.4,104.0,876.0
2025-05-30 14:00:00,1748610000,toulouse,Toulouse,32.2,30.0,0.0,1002.0,5.1,98.0,921.0
2025-05-30 15:00:00,1748613600,toulouse,Toulouse,33.2,26.0,0.0,1001.7,6.8,117.0,914.0
2025-05-30 16:00:00,1748617200,toulouse,Toulouse,33.8,24.0,0.0,1001.4,6.9,110.0,853.0
2025-05-30 17:00:00,1748620800,toulouse,Toulouse,33.8,24.0,0.0,1000.9,6.7,99.0,742.0
2025-05-30 18:00:00,1748624400,toulouse,Toulouse,33.4,25.0,0.0,1000.6,9.0,87.0,583.0
2025-05-30 19:00:00,1748628000,toulouse,Toulouse,32.7,28.0,0.0,1000.7,8.3,94.0,395.0
2025-05-30 20:00:00,1748631600,toulouse,Toulouse,31.7,31.0,0.0,1000.6,8.2,71.0,220.0
2025-05-30 21:00:00,1748635200,toulouse,Toulouse,30.1,39.0,0.0,1000.9,4.5,85.0,83.0
2025-05-30 22:00:00,1748638800,toulouse,Toulouse,27.8,49.0,0.0,1001.2,9.8,136.0,4.0
2025-05-30 23:00:00,1748642400,toulouse,Toulouse,26.2,40.0,0.0,1001.7,12.7,142.0,0.0
2025-05-31 00:00:00,1748646000,toulouse,Toulouse,24.9,36.0,0.0,1001.6,13.9,144.0,0.0
2025-05-31 01:00:00,1748649600,toulouse,Toulouse,24.1,34.0,0.0,1001.5,13.3,153.0,0.0
2025-05-31 02:00:00,1748653200,toulouse,Toulouse,23.2,35.0,0.0,1001.2,11.5,151.0,0.0
2025-05-31 03:00:00,1748656800,toulouse,Toulouse,22.1,59.0,0.0,1002.0,6.8,325.0,0.0
2025-05-31 04:00:00,1748660400,toulouse,Toulouse,21.4,71.0,0.0,1002.3,7.9,303.0,0.0
2025-05-31 05:00:00,1748664000,toulouse,Toulouse,20.5,79.0,0.0,1002.1,5.4,291.0,0.0
2025-05-31 06:00:00,1748667600,toulouse,Toulouse,19.7,83.0,0.0,1002.4,6.1,258.0,0.0
2025-05-31 07:00:00,1748671200,toulouse,Toulouse,19.6,82.0,0.0,1002.6,6.2,240.0,15.0
2025-05-31 08:00:00,1748674800,toulouse,Toulouse,20.9,74.0,0.0,1002.6,5.0,229.0,120.0
2025-05-31 09:00:00,1748678400,toulouse,Toulouse,23.0,61.0,0.0,1003.1,5.2,276.0,284.0
2025-05-31 10:00:00,1748682000,toulouse,Toulouse,25.2,51.0,0.0,1003.1,5.0,296.0,461.0
2025-05-31 11:00:00,1748685600,toulouse,Toulouse,27.2,44.0,0.0,1003.1,3.9,323.0,625.0
2025-05-31 12:00:00,1748689200,toulouse,Toulouse,29.0,39.0,0.0,1003.0,4.1,347.0,762.0
2025-05-31 13:00:00,1748692800,toulouse,Toulouse,30.5,36.0,0.0,1002.6,3.7,349.0,857.0
2025-05-31 14:00:00,1748696400,toulouse,Toulouse,32.0,32.0,0.0,1002.1,3.5,336.0,903.0
2025-05-31 15:00:00,1748700000,toulouse,Toulouse,32.1,35.0,0.0,1001.7,5.7,351.0,879.0
2025-05-31 16:00:00,1748703600,toulouse,Toulouse,33.0,31.0,0.0,1001.3,3.9,332.0,830.0
2025-05-31 17:00:00,1748707200,toulouse,Toulouse,33.4,27.0,0.0,1000.8,3.9,332.0,677.0
2025-05-31 18:00:00,1748710800,toulouse,Toulouse,32.9,26.0,0.0,1000.7,3.3,22.0,502.0
2025-05-31 19:00:00,1748714400,toulouse,Toulouse,32.1,28.0,0.0,1000.5,4.3,48.0,368.0
2025-05-31 20:00:00,1748718000,toulouse,Toulouse,31.0,32.0,0.0,1000.7,5.3,35.0,220.0
2025-05-31 21:00:00,1748721600,toulouse,Toulouse,29.3,40.0,0.0,1001.1,5.8,22.0,79.0
2025-05-31 22:00:00,1748725200,toulouse,Toulouse,28.0,46.0,0.0,1001.5,4.9,354.0,4.0
2025-05-31 23:00:00,1748728800,toulouse,Toulouse,26.8,53.0,0.0,1002.0,8.3,311.0,0.0
2025-06-01 00:00:00,1748732400,toulouse,Toulouse,25.5,62.0,0.0,1002.2,9.3,294.0,0.0
2025-06-01 01:00:00,1748736000,toulouse,Toulouse,24.1,70.0,0.0,1002.1,10.0,306.0,0.0
2025-06-01 02:00:00,1748739600,toulouse,Toulouse,22.8,73.0,0.0,1001.7,10.5,297.0,0.0
2025-06-01 03:00:00,1748743200,toulouse,Toulouse,21.1,81.0,0.0,1001.3,9.8,306.0,0.0
2025-06-01 04:00:00,1748746800,toulouse,Toulouse,20.1,81.0,0.0,1001.0,9.5,303.0,0.0
2025-06-01 05:00:00,1748750400,toulouse,Toulouse,19.1,82.0,0.0,1001.2,10.4,293.0,0.0
2025-06-01 06:00:00,1748754000,toulouse,Toulouse,18.2,85.0,0.0,1001.2,9.1,300.0,0.0
2025-06-01 07:00:00,1748757600,toulouse,Toulouse,17.9,85.0,0.0,1001.5,7.7,298.0,13.0
2025-06-01 08:00:00,1748761200,toulouse,Toulouse,18.3,82.0,0.0,1001.2,2.8,285.0,107.0
2025-06-01 09:00:00,1748764800,toulouse,Toulouse,19.6,76.0,0.0,1001.0,1.6,276.0,264.0
2025-06-01 10:00:00,1748768400,toulouse,Toulouse,21.4,68.0,0.0,1001.0,4.3,332.0,403.0
2025-06-01 11:00:00,1748772000,toulouse,Toulouse,23.3,62.0,0.0,1001.1,5.5,324.0,510.0
2025-06-01 12:00:00,1748775600,toulouse,Toulouse,25.9,53.0,0.0,1000.9,3.1,273.0,640.0
2025-06-01 13:00:00,1748779200,toulouse,Toulouse,27.0,50.0,0.0,1000.7,4.0,302.0,721.0
2025-06-01 14:00:00,1748782800,toulouse,Toulouse,28.1,46.0,0.0,1000.5,6.3,309.0,822.0
2025-06-01 15:00:00,1748786400,toulouse,Toulouse,26.9,53.0,0.0,999.6,4.7,356.0,524.0
2025-06-01 16:00:00,1748790000,toulouse,Toulouse,28.3,48.0,0.0,999.5,5.9,308.0,739.0
2025-06-01 17:00:00,1748793600,toulouse,Toulouse,27.5,50.0,0.0,999.1,8.8,321.0,400.0
2025-06-01 18:00:00,1748797200,toulouse,Toulouse,25.9,57.0,0.0,1000.0,16.7,300.0,459.0
2025-06-01 19:00:00,1748800800,toulouse,Toulouse,24.6,61.0,0.0,999.8,15.8,302.0,150.0
2025-06-01 20:00:00,1748804400,toulouse,Toulouse,24.1,62.0,0.0,999.8,10.9,304.0,180.0
2025-06-01 21:00:00,1748808000,toulouse,Toulouse,23.0,67.0,0.0,1000.3,11.6,319.0,68.0
2025-06-01 22:00:00,1748811600,toulouse,Toulouse,22.3,70.0,0.0,1001.0,11.5,314.0,4.0
2025-06-01 23:00:00,1748815200,toulouse,Toulouse,22.1,71.0,0.0,1001.6,8.9,312.0,0.0
2025-06-02 00:00:00,1748818800,toulouse,Toulouse,21.4,74.0,0.4,1002.0,7.9,305.0,0.0
2025-06-02 01:00:00,1748822400,toulouse,Toulouse,20.6,79.0,1.0,1002.2,8.3,283.0,0.0
2025-06-02 02:00:00,1748826000,toulouse,Toulouse,19.4,84.0,0.3,1001.5,7.0,291.0,0.0
2025-06-02 03:00:00,1748829600,toulouse,Toulouse,17.9,93.0,0.1,1000.9,10.3,310.0,0.0
2025-06-02 04:00:00,1748833200,toulouse,Toulouse,17.5,94.0,0.1,1000.5,9.2,298.0,0.0
2025-06-02 05:00:00,1748836800,toulouse,Toulouse,17.0,94.0,0.1,1000.9,10.9,282.0,0.0
2025-06-02 06:00:00,1748840400,toulouse,Toulouse,17.1,92.0,0.0,1001.1,9.6,303.0,0.0
2025-06-02 07:00:00,1748844000,toulouse,Toulouse,17.2,92.0,0.0,1001.7,9.5,285.0,7.0
2025-06-02 08:00:00,1748847600,toulouse,Toulouse,17.4,89.0,0.4,1001.6,3.3,299.0,27.0
2025-06-02 09:00:00,1748851200,toulouse,Toulouse,17.5,91.0,4.4,1002.1,7.8,307.0,115.0
2025-06-02 10:00:00,1748854800,toulouse,Toulouse,17.8,88.0,0.2,1001.4,5.0,347.0,162.0
2025-06-02 11:00:00,1748858400,toulouse,Toulouse,18.5,83.0,0.3,1002.3,8.6,307.0,297.0
2025-06-02 12:00:00,1748862000,toulouse,Toulouse,18.7,81.0,0.1,1002.2,8.3,318.0,216.0
2025-06-02 13:00:00,1748865600,toulouse,Toulouse,20.0,74.0,0.0,1001.9,4.1,308.0,362.0
2025-06-02 14:00:00,1748869200,toulouse,Toulouse,21.3,69.0,0.0,1001.1,3.3,13.0,472.0
2025-06-02 15:00:00,1748872800,toulouse,Toulouse,18.5,85.0,1.7,1001.7,2.8,105.0,135.0
2025-06-02 16:00:00,1748876400,toulouse,Toulouse,19.0,81.0,1.0,1001.6,1.9,299.0,171.0
2025-06-02 17:00:00,1748880000,toulouse,Toulouse,19.6,80.0,0.5,1000.8,1.6,117.0,225.0
2025-06-02 18:00:00,1748883600,toulouse,Toulouse,20.1,78.0,0.2,1000.4,5.4,110.0,291.0
2025-06-02 19:00:00,1748887200,toulouse,Toulouse,20.0,78.0,0.0,999.4,7.7,106.0,204.0
2025-06-02 20:00:00,1748890800,toulouse,Toulouse,19.9,79.0,0.0,999.5,1.8,66.0,134.0
2025-06-02 21:00:00,1748894400,toulouse,Toulouse,19.2,87.0,0.0,999.0,2.0,360.0,54.0
2025-06-02 22:00:00,1748898000,toulouse,Toulouse,18.2,90.0,0.0,999.2,4.4,12.0,3.0
2025-06-02 23:00:00,1748901600,toulouse,Toulouse,17.4,91.0,0.0,999.4,6.7,46.0,0.0
2025-06-03 00:00:00,1748905200,toulouse,Toulouse,16.8,91.0,0.0,998.8,6.8,87.0,0.0
2025-06-03 01:00:00,1748908800,toulouse,Toulouse,16.4,93.0,0.0,998.5,3.4,43.0,0.0
2025-06-03 02:00:00,1748912400,toulouse,Toulouse,16.2,94.0,0.0,997.8,3.1,54.0,0.0
2025-06-03 03:00:00,1748916000,toulouse,Toulouse,15.8,99.0,0.0,997.6,3.5,9.0,0.0
2025-06-03 04:00:00,1748919600,toulouse,Toulouse,15.8,100.0,0.0,997.4,4.3,332.0,0.0
2025-06-03 05:00:00,1748923200,toulouse,Toulouse,15.6,100.0,0.0,997.2,3.7,309.0,0.0
2025-06-03 06:00:00,1748926800,toulouse,Toulouse,15.2,100.0,0.0,996.8,0.9,307.0,0.0
2025-06-03 07:00:00,1748930400,toulouse,Toulouse,15.7,99.0,0.0,996.4,1.8,135.0,12.0
2025-06-03 08:00:00,1748934000,toulouse,Toulouse,16.2,97.0,0.0,996.7,2.3,241.0,80.0
2025-06-03 09:00:00,1748937600,toulouse,Toulouse,17.3,91.0,0.0,997.4,5.2,301.0,177.0
2025-06-03 10:00:00,1748941200,toulouse,Toulouse,19.1,80.0,0.0,996.8,4.2,155.0,347.0
2025-06-03 11:00:00,1748944800,toulouse,Toulouse,20.9,71.0,0.0,997.2,2.8,75.0,585.0
2025-06-03 12:00:00,1748948400,toulouse,Toulouse,21.9,66.0,0.0,996.7,7.8,128.0,531.0
2025-06-03 13:00:00,1748952000,toulouse,Toulouse,22.9,64.0,0.0,996.6,5.9,133.0,580.0
2025-06-03 14:00:00,1748955600,toulouse,Toulouse,23.8,61.0,0.0,996.3,4.4,145.0,534.0
2025-06-03 15:00:00,1748959200,toulouse,Toulouse,25.0,56.0,0.0,995.9,5.1,100.0,652.0
2025-06-03 16:00:00,1748962800,toulouse,Toulouse,25.4,56.0,0.0,995.4,4.3,62.0,655.0
2025-06-03 17:00:00,1748966400,toulouse,Toulouse,25.4,57.0,0.0,994.5,6.6,43.0,543.0
2025-06-03 18:00:00,1748970000,toulouse,Toulouse,25.1,60.0,0.1,994.5,5.4,42.0,476.0
2025-06-03 19:00:00,1748973600,toulouse,Toulouse,23.5,69.0,0.7,994.5,5.3,33.0,308.0
2025-06-03 20:00:00,1748977200,toulouse,Toulouse,22.9,75.0,0.0,994.2,4.5,337.0,82.0
2025-06-03 21:00:00,1748980800,toulouse,Toulouse,21.7,76.0,0.0,994.0,9.1,284.0,43.0
2025-06-03 22:00:00,1748984400,toulouse,Toulouse,20.1,83.0,0.1,994.8,9.5,279.0,4.0
2025-06-03 23:00:00,1748988000,toulouse,Toulouse,18.8,89.0,0.2,995.5,12.3,323.0,0.0
2025-06-04 00:00:00,1748991600,toulouse,Toulouse,17.9,94.0,2.0,995.7,6.9,327.0,0.0
2025-06-04 01:00:00,1748995200,toulouse,Toulouse,17.6,95.0,0.3,995.4,4.2,313.0,0.0
2025-06-04 02:00:00,1748998800,toulouse,Toulouse,17.5,96.0,0.0,995.0,4.8,245.0,0.0
2025-06-04 03:00:00,1749002400,toulouse,Toulouse,17.2,97.0,0.1,994.8,6.8,281.0,0.0
2025-06-04 04:00:00,1749006000,toulouse,Toulouse,17.2,96.0,0.1,994.3,8.5,291.0,0.0
2025-06-04 05:00:00,1749009600,toulouse,Toulouse,16.4,91.0,0.2,994.7,13.5,307.0,0.0
2025-06-04 06:00:00,1749013200,toulouse,Toulouse,15.1,94.0,2.0,995.1,14.7,287.0,0.0
2025-06-04 07:00:00,1749016800,toulouse,Toulouse,14.8,92.0,2.9,995.4,14.5,282.0,4.0
2025-06-04 08:00:00,1749020400,toulouse,Toulouse,14.8,93.0,1.3,995.6,15.5,275.0,27.0
2025-06-04 09:00:00,1749024000,toulouse,Toulouse,15.0,91.0,0.5,995.8,16.1,288.0,74.0
2025-06-04 10:00:00,1749027600,toulouse,Toulouse,15.8,86.0,0.4,996.5,15.2,294.0,183.0
2025-06-04 11:00:00,1749031200,toulouse,Toulouse,16.1,84.0,0.2,997.0,13.2,294.0,171.0
2025-06-04 12:00:00,1749034800,toulouse,Toulouse,16.8,80.0,0.1,997.0,12.2,289.0,252.0
2025-06-04 13:00:00,1749038400,toulouse,Toulouse,18.1,73.0,0.0,997.1,13.5,278.0,444.0
2025-06-04 14:00:00,1749042000,toulouse,Toulouse,18.9,67.0,0.0,997.0,11.9,281.0,383.0
2025-06-04 15:00:00,1749045600,toulouse,Toulouse,20.0,63.0,0.0,997.6,8.4,290.0,690.0
2025-06-04 16:00:00,1749049200,toulouse,Toulouse,20.9,58.0,0.0,997.2,8.3,297.0,600.0
2025-06-04 17:00:00,1749052800,toulouse,Toulouse,21.4,54.0,0.0,996.8,8.2,289.0,454.0
2025-06-04 18:00:00,1749056400,toulouse,Toulouse,21.4,57.0,0.0,996.9,9.9,292.0,376.0
2025-06-04 19:00:00,1749060000,toulouse,Toulouse,20.4,64.0,0.0,997.2,10.8,307.0,251.0
2025-06-04 20:00:00,1749063600,toulouse,Toulouse,19.6,71.0,0.0,997.6,8.6,324.0,100.0
2025-06-04 21:00:00,1749067200,toulouse,Toulouse,18.6,79.0,0.0,998.1,6.7,326.0,26.0
2025-06-04 22:00:00,1749070800,toulouse,Toulouse,17.8,86.0,0.3,998.6,2.8,310.0,1.0
2025-06-04 23:00:00,1749074400,toulouse,Toulouse,17.2,88.0,0.2,998.9,2.5,240.0,0.0
2025-06-05 00:00:00,1749078000,toulouse,Toulouse,16.2,92.0,0.3,999.1,4.2,227.0,0.0
2025-06-05 01:00:00,1749081600,toulouse,Toulouse,16.8,91.0,0.6,999.2,5.5,238.0,0.0
2025-06-05 02:00:00,1749085200,toulouse,Toulouse,16.5,94.0,0.3,999.2,6.2,278.0,0.0
2025-06-05 03:00:00,1749088800,toulouse,Toulouse,16.1,96.0,0.0,999.2,4.9,303.0,0.0
2025-06-05 04:00:00,1749092400,toulouse,Toulouse,15.8,95.0,0.0,998.9,2.9,313.0,0.0
2025-06-05 05:00:00,1749096000,toulouse,Toulouse,15.3,97.0,0.0,998.9,2.0,297.0,0.0
2025-06-05 06:00:00,1749099600,toulouse,Toulouse,15.5,95.0,0.0,998.9,2.7,278.0,0.0
2025-06-05 07:00:00,1749103200,toulouse,Toulouse,15.5,94.0,0.0,999.2,3.7,293.0,8.0
2025-06-05 08:00:00,1749106800,toulouse,Toulouse,15.9,88.0,0.0,999.0,3.6,297.0,88.0
2025-06-05 09:00:00,1749110400,toulouse,Toulouse,16.6,83.0,0.0,999.2,4.5,299.0,201.0
2025-06-05 10:00:00,1749114000,toulouse,Toulouse,17.7,75.0,0.0,999.4,4.3,318.0,357.0
2025-06-05 11:00:00,1749117600,toulouse,Toulouse,19.1,70.0,0.0,999.4,1.9,311.0,576.0
2025-06-05 12:00:00,1749121200,toulouse,Toulouse,20.3,65.0,0.0,999.4,3.4,286.0,620.0
2025-06-05 13:00:00,1749124800,toulouse,Toulouse,21.1,62.0,0.0,999.4,5.0,283.0,567.0
2025-06-05 14:00:00,1749128400,toulouse,Toulouse,21.9,59.0,0.0,999.2,5.1,276.0,594.0
2025-06-05 15:00:00,1749132000,toulouse,Toulouse,22.5,59.0,0.0,999.2,5.3,258.0,729.0
2025-06-05 16:00:00,1749135600,toulouse,Toulouse,23.0,57.0,0.0,998.8,6.2,253.0,611.0
2025-06-05 17:00:00,1749139200,toulouse,Toulouse,23.8,53.0,0.0,998.4,7.8,248.0,642.0
2025-06-05 18:00:00,1749142800,toulouse,Toulouse,24.2,50.0,0.0,998.0,8.1,238.0,498.0
2025-06-05 19:00:00,1749146400,toulouse,Toulouse,23.7,55.0,0.0,998.1,9.0,227.0,358.0
2025-06-05 20:00:00,1749150000,toulouse,Toulouse,22.6,65.0,0.0,998.5,6.9,231.0,208.0
2025-06-05 21:00:00,1749153600,toulouse,Toulouse,21.4,77.0,0.0,998.7,3.3,221.0,82.0
2025-06-05 22:00:00,1749157200,toulouse,Toulouse,20.2,78.0,0.0,999.2,2.5,180.0,6.0
2025-06-05 23:00:00,1749160800,toulouse,Toulouse,20.2,79.0,0.0,999.5,5.6,178.0,0.0
2025-06-06 00:00:00,1749164400,toulouse,Toulouse,19.7,81.0,0.0,999.5,5.0,193.0,0.0
2025-06-06 01:00:00,1749168000,toulouse,Toulouse,18.3,86.0,0.0,999.1,3.8,185.0,0.0
2025-06-06 02:00:00,1749171600,toulouse,Toulouse,17.5,88.0,0.0,999.1,1.3,270.0,0.0
2025-06-06 03:00:00,1749175200,toulouse,Toulouse,17.1,91.0,0.0,998.9,0.2,90.0,0.0
2025-06-06 04:00:00,1749178800,toulouse,Toulouse,16.7,92.0,0.0,999.0,1.3,8.0,0.0
2025-06-06 05:00:00,1749182400,toulouse,Toulouse,16.4,93.0,0.0,998.9,1.5,69.0,0.0
2025-06-06 06:00:00,1749186000,toulouse,Toulouse,15.9,94.0,0.0,999.0,1.5,69.0,0.0
2025-06-06 07:00:00,1749189600,toulouse,Toulouse,16.0,96.0,0.0,999.3,1.6,90.0,16.0
2025-06-06 08:00:00,1749193200,toulouse,Toulouse,17.4,92.0,0.0,999.5,2.5,82.0,124.0
2025-06-06 09:00:00,1749196800,toulouse,Toulouse,19.3,83.0,0.0,999.6,2.9,101.0,291.0
2025-06-06 10:00:00,1749200400,toulouse,Toulouse,20.9,75.0,0.0,999.7,2.4,81.0,462.0
2025-06-06 11:00:00,1749204000,toulouse,Toulouse,22.2,70.0,0.0,999.5,1.9,56.0,610.0
2025-06-06 12:00:00,1749207600,toulouse,Toulouse,23.6,63.0,0.0,999.4,3.7,166.0,721.0
2025-06-06 13:00:00,1749211200,toulouse,Toulouse,23.9,62.0,0.0,999.3,5.2,211.0,579.0
2025-06-06 14:00:00,1749214800,toulouse,Toulouse,24.3,62.0,0.0,999.1,2.6,254.0,590.0
2025-06-06 15:00:00,1749218400,toulouse,Toulouse,25.2,60.0,0.0,998.9,5.1,312.0,737.0
2025-06-06 16:00:00,1749222000,toulouse,Toulouse,25.2,58.0,0.0,998.6,8.0,312.0,523.0
2025-06-06 17:00:00,1749225600,toulouse,Toulouse,25.0,58.0,0.0,998.6,12.6,316.0,564.0
2025-06-06 18:00:00,1749229200,toulouse,Toulouse,24.2,62.0,0.0,998.6,12.4,317.0,462.0
2025-06-06 19:00:00,1749232800,toulouse,Toulouse,23.8,63.0,0.0,998.5,9.6,320.0,342.0
2025-06-06 20:00:00,1749236400,toulouse,Toulouse,23.2,66.0,0.0,998.6,8.7,336.0,173.0
2025-06-06 21:00:00,1749240000,toulouse,Toulouse,22.0,74.0,0.0,998.9,6.5,347.0,60.0
2025-06-06 22:00:00,1749243600,toulouse,Toulouse,21.2,80.0,0.0,999.1,5.9,360.0,3.0
2025-06-06 23:00:00,1749247200,toulouse,Toulouse,20.7,82.0,0.0,999.6,4.5,29.0,0.0
2025-06-07 00:00:00,1749250800,toulouse,Toulouse,20.1,86.0,0.1,999.8,4.2,340.0,0.0
2025-06-07 01:00:00,1749254400,toulouse,Toulouse,19.5,89.0,0.0,999.2,3.0,17.0,0.0
2025-06-07 02:00:00,1749258000,toulouse,Toulouse,18.9,92.0,0.0,999.3,3.5,279.0,0.0
2025-06-07 03:00:00,1749261600,toulouse,Toulouse,18.8,91.0,0.0,998.6,6.3,355.0,0.0
2025-06-07 04:00:00,1749265200,toulouse,Toulouse,18.2,92.0,0.0,998.5,7.2,4.0,0.0
2025-06-07 05:00:00,1749268800,toulouse,Toulouse,17.9,93.0,0.0,998.4,5.5,343.0,0.0
2025-06-07 06:00:00,1749272400,toulouse,Toulouse,18.0,92.0,0.0,998.6,6.6,323.0,0.0
2025-06-07 07:00:00,1749276000,toulouse,Toulouse,17.9,91.0,0.3,999.1,10.2,321.0,5.0
2025-06-07 08:00:00,1749279600,toulouse,Toulouse,17.6,88.0,0.4,999.7,10.4,321.0,24.0
2025-06-07 09:00:00,1749283200,toulouse,Toulouse,17.4,88.0,0.1,1000.1,9.6,317.0,69.0
2025-06-07 10:00:00,1749286800,toulouse,Toulouse,17.5,87.0,0.3,1000.7,10.2,306.0,100.0
2025-06-07 11:00:00,1749290400,toulouse,Toulouse,17.6,86.0,0.3,1001.0,11.2,312.0,172.0
2025-06-07 12:00:00,1749294000,toulouse,Toulouse,18.1,78.0,0.0,1001.2,10.9,306.0,260.0
2025-06-07 13:00:00,1749297600,toulouse,Toulouse,18.4,71.0,0.0,1001.3,10.7,306.0,288.0
2025-06-07 14:00:00,1749301200,toulouse,Toulouse,19.2,66.0,0.0,1001.1,9.8,310.0,415.0
2025-06-07 15:00:00,1749304800,toulouse,Toulouse,20.6,61.0,0.0,1001.1,9.8,310.0,588.0
2025-06-07 16:00:00,1749308400,toulouse,Toulouse,21.6,58.0,0.0,1000.7,11.4,301.0,565.0
2025-06-07 17:00:00,1749312000,toulouse,Toulouse,21.5,60.0,0.0,1000.5,11.5,292.0,427.0
2025-06-07 18:00:00,1749315600,toulouse,Toulouse,21.5,61.0,0.0,1000.1,12.8,280.0,325.0
2025-06-07 19:00:00,1749319200,toulouse,Toulouse,21.5,59.0,0.0,1000.0,13.9,284.0,295.0
2025-06-07 20:00:00,1749322800,toulouse,Toulouse,21.0,63.0,0.0,1000.3,12.5,288.0,189.0
2025-06-07 21:00:00,1749326400,toulouse,Toulouse,20.0,69.0,0.0,1000.7,11.3,287.0,67.0
2025-06-07 22:00:00,1749330000,toulouse,Toulouse,18.6,76.0,0.0,1001.3,9.3,280.0,7.0
2025-06-07 23:00:00,1749333600,toulouse,Toulouse,17.7,78.0,0.0,1002.1,8.8,274.0,0.0
2025-06-08 00:00:00,1749337200,toulouse,Toulouse,17.0,79.0,0.0,1002.4,10.5,282.0,0.0
2025-06-08 01:00:00,1749340800,toulouse,Toulouse,16.4,79.0,0.0,1002.9,11.4,294.0,0.0
2025-06-08 02:00:00,1749344400,toulouse,Toulouse,15.7,80.0,0.0,1003.0,9.2,291.0,0.0
2025-06-08 03:00:00,1749348000,toulouse,Toulouse,15.6,79.0,0.0,1003.4,9.7,286.0,0.0
2025-06-08 04:00:00,1749351600,toulouse,Toulouse,14.7,83.0,0.0,1003.3,8.0,280.0,0.0
2025-06-08 05:00:00,1749355200,toulouse,Toulouse,14.1,86.0,0.0,1003.4,8.0,288.0,0.0
2025-06-08 06:00:00,1749358800,toulouse,Toulouse,13.6,89.0,0.0,1003.8,7.0,291.0,0.0
2025-06-08 07:00:00,1749362400,toulouse,Toulouse,13.8,89.0,0.0,1004.5,7.1,277.0,17.0
2025-06-08 08:00:00,1749366000,toulouse,Toulouse,15.0,84.0,0.0,1004.8,6.7,275.0,124.0
2025-06-08 09:00:00,1749369600,toulouse,Toulouse,16.4,80.0,0.0,1005.2,8.0,280.0,287.0
2025-06-08 10:00:00,1749373200,toulouse,Toulouse,17.7,74.0,0.1,1005.4,14.1,300.0,433.0
2025-06-08 11:00:00,1749376800,toulouse,Toulouse,18.3,72.0,0.1,1005.3,13.4,298.0,346.0
2025-06-08 12:00:00,1749380400,toulouse,Toulouse,19.5,65.0,0.2,1005.4,12.2,304.0,519.0
2025-06-08 13:00:00,1749384000,toulouse,Toulouse,20.0,64.0,0.1,1005.4,11.3,307.0,456.0
2025-06-08 14:00:00,1749387600,toulouse,Toulouse,21.2,58.0,0.1,1005.3,11.0,308.0,604.0
2025-06-08 15:00:00,1749391200,toulouse,Toulouse,22.0,51.0,0.0,1005.2,10.6,316.0,677.0
2025-06-08 16:00:00,1749394800,toulouse,Toulouse,22.2,52.0,0.0,1005.0,10.8,324.0,587.0
2025-06-08 17:00:00,1749398400,toulouse,Toulouse,22.5,51.0,0.0,1004.6,9.4,331.0,616.0
2025-06-08 18:00:00,1749402000,toulouse,Toulouse,22.6,49.0,0.0,1004.2,8.6,330.0,515.0
2025-06-08 19:00:00,1749405600,toulouse,Toulouse,22.1,50.0,0.0,1004.2,9.5,333.0,394.0
2025-06-08 20:00:00,1749409200,toulouse,Toulouse,21.4,53.0,0.0,1004.2,8.2,341.0,251.0
2025-06-08 21:00:00,1749412800,toulouse,Toulouse,20.1,64.0,0.0,1004.5,6.0,350.0,97.0
2025-06-08 22:00:00,1749416400,toulouse,Toulouse,18.9,69.0,0.0,1004.8,7.2,332.0,7.0
2025-06-08 23:00:00,1749420000,toulouse,Toulouse,18.1,70.0,0.0,1005.2,6.9,329.0,0.0
2025-06-09 00:00:00,1749423600,toulouse,Toulouse,17.4,72.0,0.0,1005.1,6.4,349.0,0.0
2025-06-09 01:00:00,1749427200,toulouse,Toulouse,16.1,80.0,0.0,1004.9,4.7,360.0,0.0
2025-06-09 02:00:00,1749430800,toulouse,Toulouse,15.7,80.0,0.0,1004.5,1.0,45.0,0.0
2025-06-09 03:00:00,1749434400,toulouse,Toulouse,14.5,85.0,0.0,1004.3,0.6,198.0,0.0
2025-06-09 04:00:00,1749438000,toulouse,Toulouse,14.0,87.0,0.0,1003.9,0.7,270.0,0.0
2025-06-09 05:00:00,1749441600,toulouse,Toulouse,13.3,90.0,0.0,1003.6,2.0,355.0,0.0
2025-06-09 06:00:00,1749445200,toulouse,Toulouse,12.5,93.0,0.0,1003.7,3.2,27.0,0.0
2025-06-09 07:00:00,1749448800,toulouse,Toulouse,12.9,93.0,0.0,1003.9,3.5,55.0,18.0
2025-06-09 08:00:00,1749452400,toulouse,Toulouse,14.5,88.0,0.0,1003.9,1.8,114.0,132.0
2025-06-09 09:00:00,1749456000,toulouse,Toulouse,16.9,77.0,0.0,1004.3,0.9,233.0,301.0
2025-06-09 10:00:00,1749459600,toulouse,Toulouse,19.2,66.0,0.0,1004.4,1.5,277.0,482.0
2025-06-09 11:00:00,1749463200,toulouse,Toulouse,21.2,55.0,0.0,1004.2,2.4,343.0,651.0
2025-06-09 12:00:00,1749466800,toulouse,Toulouse,22.6,50.0,0.0,1004.2,4.5,358.0,790.0
2025-06-09 13:00:00,1749470400,toulouse,Toulouse,23.9,46.0,0.0,1004.0,5.0,360.0,888.0
2025-06-09 14:00:00,1749474000,toulouse,Toulouse,25.0,43.0,0.0,1003.8,5.6,360.0,936.0
2025-06-09 15:00:00,1749477600,toulouse,Toulouse,26.2,37.0,0.0,1003.5,6.3,15.0,931.0
2025-06-09 16:00:00,1749481200,toulouse,Toulouse,26.7,35.0,0.0,1003.1,7.1,19.0,872.0
2025-06-09 17:00:00,1749484800,toulouse,Toulouse,26.9,35.0,0.0,1002.8,6.2,22.0,764.0
2025-06-09 18:00:00,1749488400,toulouse,Toulouse,26.9,34.0,0.0,1002.3,5.4,21.0,618.0
2025-06-09 19:00:00,1749492000,toulouse,Toulouse,26.5,35.0,0.0,1002.2,4.1,29.0,445.0
2025-06-09 20:00:00,1749495600,toulouse,Toulouse,25.8,37.0,0.0,1002.2,4.1,45.0,264.0
2025-06-09 21:00:00,1749499200,toulouse,Toulouse,24.0,51.0,0.0,1002.0,4.5,43.0,101.0
2025-06-09 22:00:00,1749502800,toulouse,Toulouse,21.9,66.0,0.0,1002.1,2.9,68.0,8.0
2025-06-09 23:00:00,1749506400,toulouse,Toulouse,20.6,70.0,0.0,1002.3,2.3,90.0,0.0
2025-06-10 00:00:00,1749510000,toulouse,Toulouse,19.4,73.0,0.0,1002.1,3.1,87.0,0.0
2025-06-10 01:00:00,1749513600,toulouse,Toulouse,18.5,74.0,0.0,1002.1,3.6,87.0,0.0
2025-06-10 02:00:00,1749517200,toulouse,Toulouse,17.5,75.0,0.0,1001.8,5.4,98.0,0.0
2025-06-10 03:00:00,1749520800,toulouse,Toulouse,16.4,77.0,0.0,1001.9,2.1,121.0,0.0
2025-06-10 04:00:00,1749524400,toulouse,Toulouse,15.3,83.0,0.0,1001.2,3.0,115.0,0.0
2025-06-10 05:00:00,1749528000,toulouse,Toulouse,14.4,88.0,0.0,1000.9,4.2,115.0,0.0
2025-06-10 06:00:00,1749531600,toulouse,Toulouse,14.0,88.0,0.0,1000.7,6.1,118.0,0.0
2025-06-10 07:00:00,1749535200,toulouse,Toulouse,14.5,82.0,0.0,1000.9,7.2,117.0,18.0
2025-06-10 08:00:00,1749538800,toulouse,Toulouse,17.0,70.0,0.0,1001.0,6.9,121.0,131.0
2025-06-10 09:00:00,1749542400,toulouse,Toulouse,20.2,57.0,0.0,1001.3,5.2,115.0,298.0
2025-06-10 10:00:00,1749546000,toulouse,Toulouse,23.4,48.0,0.0,1001.6,6.4,115.0,476.0
2025-06-10 11:00:00,1749549600,toulouse,Toulouse,26.1,42.0,0.0,1001.5,7.3,110.0,640.0
2025-06-10 12:00:00,1749553200,toulouse,Toulouse,28.4,37.0,0.0,1001.5,7.0,103.0,775.0
2025-06-10 13:00:00,1749556800,toulouse,Toulouse,30.3,34.0,0.0,1001.3,6.5,104.0,868.0
2025-06-10 14:00:00,1749560400,toulouse,Toulouse,31.6,32.0,0.0,1001.0,6.4,108.0,914.0
2025-06-10 15:00:00,1749564000,toulouse,Toulouse,32.6,30.0,0.0,1000.6,4.1,92.0,908.0
2025-06-10 16:00:00,1749567600,toulouse,Toulouse,33.2,29.0,0.0,1000.3,3.0,38.0,850.0
2025-06-10 17:00:00,1749571200,toulouse,Toulouse,33.4,29.0,0.0,1000.0,7.0,12.0,744.0
2025-06-10 18:00:00,1749574800,toulouse,Toulouse,32.6,32.0,0.0,1000.0,8.8,9.0,600.0
2025-06-10 19:00:00,1749578400,toulouse,Toulouse,31.5,33.0,0.0,1000.1,8.2,19.0,430.0
2025-06-10 20:00:00,1749582000,toulouse,Toulouse,30.6,35.0,0.0,1000.2,6.4,29.0,254.0
2025-06-10 21:00:00,1749585600,toulouse,Toulouse,29.4,39.0,0.0,1000.1,6.0,51.0,98.0
2025-06-10 22:00:00,1749589200,toulouse,Toulouse,27.8,46.0,0.0,1000.3,4.7,72.0,8.0
2025-06-10 23:00:00,1749592800,toulouse,Toulouse,26.5,49.0,0.0,1000.5,5.4,69.0,0.0
2025-06-11 00:00:00,1749596400,toulouse,Toulouse,25.3,52.0,0.0,1000.2,6.4,58.0,0.0
2025-06-11 01:00:00,1749600000,toulouse,Toulouse,24.2,55.0,0.0,999.7,6.4,72.0,0.0
2025-06-11 02:00:00,1749603600,toulouse,Toulouse,23.1,60.0,0.0,999.1,7.2,76.0,0.0
2025-06-11 03:00:00,1749607200,toulouse,Toulouse,21.6,69.0,0.0,999.0,3.1,66.0,0.0
2025-06-11 04:00:00,1749610800,toulouse,Toulouse,20.8,74.0,0.0,998.2,5.8,64.0,0.0
2025-06-11 05:00:00,1749614400,toulouse,Toulouse,19.8,76.0,0.0,997.7,8.6,74.0,0.0
2025-06-11 06:00:00,1749618000,toulouse,Toulouse,19.1,74.0,0.0,997.4,8.5,91.0,0.0
2025-06-11 07:00:00,1749621600,toulouse,Toulouse,18.9,71.0,0.0,997.6,9.3,117.0,18.0
2025-06-11 08:00:00,1749625200,toulouse,Toulouse,20.7,64.0,0.0,997.6,7.1,100.0,116.0
2025-06-11 09:00:00,1749628800,toulouse,Toulouse,23.8,54.0,0.0,997.6,4.6,99.0,271.0
2025-06-11 10:00:00,1749632400,toulouse,Toulouse,27.2,48.0,0.0,997.5,7.3,123.0,461.0
2025-06-11 11:00:00,1749636000,toulouse,Toulouse,30.1,40.0,0.0,997.1,10.7,127.0,629.0
2025-06-11 12:00:00,1749639600,toulouse,Toulouse,32.1,36.0,0.0,996.6,12.5,120.0,757.0
2025-06-11 13:00:00,1749643200,toulouse,Toulouse,33.7,33.0,0.0,996.1,12.6,114.0,866.0
2025-06-11 14:00:00,1749646800,toulouse,Toulouse,34.9,31.0,0.0,995.6,11.6,114.0,913.0
2025-06-11 15:00:00,1749650400,toulouse,Toulouse,35.2,33.0,0.0,995.3,8.1,87.0,891.0
2025-06-11 16:00:00,1749654000,toulouse,Toulouse,35.8,32.0,0.0,994.4,9.4,88.0,814.0
2025-06-11 17:00:00,1749657600,toulouse,Toulouse,35.8,33.0,0.0,993.8,11.5,99.0,721.0
2025-06-11 18:00:00,1749661200,toulouse,Toulouse,35.3,27.0,0.0,993.8,13.1,134.0,516.0
2025-06-11 19:00:00,1749664800,toulouse,Toulouse,31.5,36.0,0.0,994.2,15.5,162.0,187.0
2025-06-11 20:00:00,1749668400,toulouse,Toulouse,30.8,39.0,0.0,993.2,11.2,96.0,118.0
2025-06-11 21:00:00,1749672000,toulouse,Toulouse,29.7,42.0,0.0,993.5,12.4,141.0,67.0
2025-06-11 22:00:00,1749675600,toulouse,Toulouse,28.3,48.0,0.0,993.7,12.7,148.0,6.0
2025-06-11 23:00:00,1749679200,toulouse,Toulouse,27.6,46.0,0.0,993.9,13.5,147.0,0.0
2025-06-12 00:00:00,1749682800,toulouse,Toulouse,26.2,44.0,0.0,994.3,11.3,167.0,0.0
2025-06-12 01:00:00,1749686400,toulouse,Toulouse,25.0,47.0,0.0,994.5,12.8,175.0,0.0
2025-06-12 02:00:00,1749690000,toulouse,Toulouse,24.3,47.0,0.0,994.5,11.9,184.0,0.0
2025-06-12 03:00:00,1749693600,toulouse,Toulouse,22.9,62.0,0.0,996.4,7.4,270.0,0.0
2025-06-12 04:00:00,1749697200,toulouse,Toulouse,21.5,78.0,0.0,996.2,4.6,349.0,0.0
2025-06-12 05:00:00,1749700800,toulouse,Toulouse,20.9,84.0,0.0,996.3,0.9,101.0,0.0
2025-06-12 06:00:00,1749704400,toulouse,Toulouse,20.5,81.0,0.0,995.9,4.5,130.0,0.0
2025-06-12 07:00:00,1749708000,toulouse,Toulouse,20.3,80.0,0.0,996.0,8.5,111.0,17.0
2025-06-12 08:00:00,1749711600,toulouse,Toulouse,20.8,77.0,0.0,996.0,12.1,138.0,126.0
2025-06-12 09:00:00,1749715200,toulouse,Toulouse,22.5,69.0,0.0,995.9,13.0,145.0,287.0
2025-06-12 10:00:00,1749718800,toulouse,Toulouse,24.2,62.0,0.0,996.0,13.3,138.0,452.0
2025-06-12 11:00:00,1749722400,toulouse,Toulouse,25.7,59.0,0.0,995.9,14.1,133.0,621.0
2025-06-12 12:00:00,1749726000,toulouse,Toulouse,27.5,55.0,0.0,995.9,14.4,137.0,748.0
2025-06-12 13:00:00,1749729600,toulouse,Toulouse,29.5,50.0,0.0,995.8,13.0,132.0,857.0
2025-06-12 14:00:00,1749733200,toulouse,Toulouse,31.0,45.0,0.0,995.7,10.6,125.0,899.0
2025-06-12 15:00:00,1749736800,toulouse,Toulouse,31.6,43.0,0.0,995.3,11.7,133.0,863.0
2025-06-12 16:00:00,1749740400,toulouse,Toulouse,31.6,43.0,0.0,995.3,11.6,147.0,714.0
2025-06-12 17:00:00,1749744000,toulouse,Toulouse,31.7,44.0,0.0,995.4,11.3,146.0,666.0
2025-06-12 18:00:00,1749747600,toulouse,Toulouse,31.1,45.0,0.0,995.5,10.4,150.0,482.0
2025-06-12 19:00:00,1749751200,toulouse,Toulouse,30.7,47.0,0.0,995.7,8.7,143.0,353.0
2025-06-12 20:00:00,1749754800,toulouse,Toulouse,29.8,49.0,0.0,996.2,6.2,134.0,223.0
2025-06-12 21:00:00,1749758400,toulouse,Toulouse,28.3,54.0,0.0,996.7,7.0,125.0,85.0
2025-06-12 22:00:00,1749762000,toulouse,Toulouse,26.5,56.0,0.0,997.3,9.8,140.0,8.0
2025-06-12 23:00:00,1749765600,toulouse,Toulouse,24.6,51.0,0.0,997.9,11.6,145.0,0.0
2025-06-13 00:00:00,1749769200,toulouse,Toulouse,22.6,57.0,0.0,998.5,12.8,145.0,0.0
2025-06-13 01:00:00,1749772800,toulouse,Toulouse,21.4,66.0,0.0,998.8,11.5,139.0,0.0
2025-06-13 02:00:00,1749776400,toulouse,Toulouse,20.8,72.0,0.0,998.6,13.7,147.0,0.0
2025-06-13 03:00:00,1749780000,toulouse,Toulouse,20.3,79.0,0.0,998.6,13.8,138.0,0.0
2025-06-13 04:00:00,1749783600,toulouse,Toulouse,20.0,82.0,0.0,998.4,15.5,138.0,0.0
2025-06-13 05:00:00,1749787200,toulouse,Toulouse,19.9,83.0,0.0,998.2,16.0,137.0,0.0
2025-06-13 06:00:00,1749790800,toulouse,Toulouse,19.7,84.0,0.0,998.2,14.7,131.0,0.0
2025-06-13 07:00:00,1749794400,toulouse,Toulouse,19.9,83.0,0.0,998.6,12.9,125.0,18.0
2025-06-13 08:00:00,1749798000,toulouse,Toulouse,21.2,77.0,0.0,998.7,12.1,131.0,124.0
2025-06-13 09:00:00,1749801600,toulouse,Toulouse,22.5,71.0,0.0,999.1,12.0,133.0,271.0
2025-06-13 10:00:00,1749805200,toulouse,Toulouse,24.1,66.0,0.0,999.1,13.9,134.0,436.0
2025-06-13 11:00:00,1749808800,toulouse,Toulouse,25.6,62.0,0.0,998.9,15.7,135.0,612.0
2025-06-13 12:00:00,1749812400,toulouse,Toulouse,27.4,56.0,0.0,998.7,16.8,132.0,759.0
2025-06-13 13:00:00,1749816000,toulouse,Toulouse,29.6,49.0,0.0,998.5,16.7,125.0,862.0
2025-06-13 14:00:00,1749819600,toulouse,Toulouse,31.2,44.0,0.0,998.0,17.8,124.0,884.0
2025-06-13 15:00:00,1749823200,toulouse,Toulouse,31.8,42.0,0.0,997.7,18.6,127.0,889.0
2025-06-13 16:00:00,1749826800,toulouse,Toulouse,31.4,44.0,0.0,997.5,20.6,127.0,822.0
2025-06-13 17:00:00,1749830400,toulouse,Toulouse,31.1,45.0,0.0,997.2,18.2,129.0,670.0
2025-06-13 18:00:00,1749834000,toulouse,Toulouse,30.5,48.0,0.0,997.0,17.5,131.0,512.0
2025-06-13 19:00:00,1749837600,toulouse,Toulouse,29.9,49.0,0.0,997.0,16.4,132.0,396.0
2025-06-13 20:00:00,1749841200,toulouse,Toulouse,28.9,50.0,0.0,997.3,13.7,146.0,232.0
2025-06-13 21:00:00,1749844800,toulouse,Toulouse,27.1,51.0,0.0,997.6,13.0,138.0,62.0
2025-06-13 22:00:00,1749848400,toulouse,Toulouse,26.0,53.0,0.0,998.1,10.3,145.0,6.0
2025-06-13 23:00:00,1749852000,toulouse,Toulouse,25.4,54.0,0.0,998.9,9.1,159.0,0.0
2025-06-14 00:00:00,1749855600,toulouse,Toulouse,24.3,56.0,0.0,999.2,13.0,147.0,0.0
2025-06-14 01:00:00,1749859200,toulouse,Toulouse,23.5,60.0,0.0,999.5,12.7,155.0,0.0
2025-06-14 02:00:00,1749862800,toulouse,Toulouse,22.6,64.0,0.0,999.8,15.1,160.0,0.0
2025-06-14 03:00:00,1749866400,toulouse,Toulouse,21.9,73.0,0.0,1000.8,8.9,208.0,0.0
2025-06-14 04:00:00,1749870000,toulouse,Toulouse,21.2,77.0,0.0,1000.7,8.7,166.0,0.0
2025-06-14 05:00:00,1749873600,toulouse,Toulouse,20.7,81.0,0.0,1000.8,6.3,193.0,0.0
2025-06-14 06:00:00,1749877200,toulouse,Toulouse,20.3,88.0,0.0,1001.4,6.3,275.0,0.0
2025-06-14 07:00:00,1749880800,toulouse,Toulouse,20.3,92.0,0.0,1002.1,6.5,293.0,15.0
2025-06-14 08:00:00,1749884400,toulouse,Toulouse,20.6,88.0,0.1,1002.3,6.2,300.0,63.0
2025-06-14 09:00:00,1749888000,toulouse,Toulouse,21.0,84.0,0.2,1002.7,6.2,287.0,110.0
2025-06-14 10:00:00,1749891600,toulouse,Toulouse,21.6,80.0,0.1,1002.6,3.1,301.0,168.0
2025-06-14 11:00:00,1749895200,toulouse,Toulouse,23.1,73.0,0.1,1002.5,4.0,252.0,341.0
2025-06-14 12:00:00,1749898800,toulouse,Toulouse,24.2,68.0,0.1,1002.7,5.8,248.0,417.0
2025-06-14 13:00:00,1749902400,toulouse,Toulouse,25.4,63.0,0.0,1002.7,4.6,244.0,488.0
2025-06-14 14:00:00,1749906000,toulouse,Toulouse,26.6,58.0,0.0,1002.4,4.7,252.0,532.0
2025-06-14 15:00:00,1749909600,toulouse,Toulouse,26.8,57.0,0.0,1001.9,4.0,252.0,635.0
2025-06-14 16:00:00,1749913200,toulouse,Toulouse,27.3,55.0,0.0,1001.7,7.0,267.0,554.0
2025-06-14 17:00:00,1749916800,toulouse,Toulouse,27.9,53.0,0.0,1001.4,8.0,279.0,608.0
2025-06-14 18:00:00,1749920400,toulouse,Toulouse,27.6,53.0,0.0,1001.1,9.1,308.0,490.0
2025-06-14 19:00:00,1749924000,toulouse,Toulouse,27.0,55.0,0.0,1001.1,11.1,312.0,393.0
2025-06-14 20:00:00,1749927600,toulouse,Toulouse,25.5,61.0,0.0,1001.4,15.1,324.0,223.0
2025-06-14 21:00:00,1749931200,toulouse,Toulouse,24.3,66.0,0.0,1002.2,13.8,323.0,84.0
2025-06-14 22:00:00,1749934800,toulouse,Toulouse,23.4,71.0,0.0,1002.7,9.1,322.0,7.0
2025-06-14 23:00:00,1749938400,toulouse,Toulouse,22.9,74.0,0.0,1002.9,6.4,328.0,0.0
2025-06-15 00:00:00,1749942000,toulouse,Toulouse,22.7,76.0,0.0,1003.2,5.9,308.0,0.0
2025-06-15 01:00:00,1749945600,toulouse,Toulouse,22.6,75.0,0.0,1003.1,4.9,298.0,0.0
2025-06-15 02:00:00,1749949200,toulouse,Toulouse,21.9,77.0,0.0,1002.9,6.3,290.0,0.0
2025-06-15 03:00:00,1749952800,toulouse,Toulouse,21.1,83.0,0.0,1002.8,9.2,293.0,0.0
2025-06-15 04:00:00,1749956400,toulouse,Toulouse,20.4,86.0,0.0,1002.7,7.7,307.0,0.0
2025-06-15 05:00:00,1749960000,toulouse,Toulouse,19.5,86.0,0.0,1003.3,10.6,296.0,0.0
2025-06-15 06:00:00,1749963600,toulouse,Toulouse,18.8,83.0,0.0,1003.7,11.3,290.0,0.0
2025-06-15 07:00:00,1749967200,toulouse,Toulouse,18.6,79.0,0.0,1004.6,12.7,283.0,7.0
2025-06-15 08:00:00,1749970800,toulouse,Toulouse,18.3,78.0,0.0,1004.7,12.8,281.0,35.0
2025-06-15 09:00:00,1749974400,toulouse,Toulouse,18.2,76.0,0.0,1005.7,15.0,284.0,100.0
2025-06-15 10:00:00,1749978000,toulouse,Toulouse,17.6,83.0,2.7,1005.9,13.5,295.0,80.0
2025-06-15 11:00:00,1749981600,toulouse,Toulouse,17.9,82.0,0.2,1006.6,14.5,298.0,190.0
2025-06-15 12:00:00,1749985200,toulouse,Toulouse,18.5,77.0,0.1,1006.8,13.3,298.0,220.0
2025-06-15 13:00:00,1749988800,toulouse,Toulouse,20.0,70.0,0.0,1007.0,11.3,292.0,333.0
2025-06-15 14:00:00,1749992400,toulouse,Toulouse,21.5,64.0,0.0,1006.5,15.7,310.0,507.0
2025-06-15 15:00:00,1749996000,toulouse,Toulouse,21.4,67.0,0.0,1007.0,15.3,318.0,499.0
2025-06-15 16:00:00,1749999600,toulouse,Toulouse,21.4,67.0,0.0,1007.0,13.6,318.0,325.0
2025-06-15 17:00:00,1750003200,toulouse,Toulouse,21.2,68.0,0.0,1007.0,12.6,306.0,247.0
2025-06-15 18:00:00,1750006800,toulouse,Toulouse,21.1,67.0,0.0,1006.7,12.0,313.0,205.0
2025-06-15 19:00:00,1750010400,toulouse,Toulouse,21.1,66.0,0.0,1006.8,10.8,314.0,193.0
2025-06-15 20:00:00,1750014000,toulouse,Toulouse,20.8,66.0,0.0,1006.8,11.7,314.0,117.0
2025-06-15 21:00:00,1750017600,toulouse,Toulouse,20.3,70.0,0.0,1007.1,10.0,308.0,66.0
2025-06-15 22:00:00,1750021200,toulouse,Toulouse,19.8,73.0,0.0,1007.6,9.0,303.0,6.0
2025-06-15 23:00:00,1750024800,toulouse,Toulouse,19.8,73.0,0.0,1008.0,9.2,305.0,0.0
2025-06-16 00:00:00,1750028400,toulouse,Toulouse,19.5,73.0,0.0,1008.3,8.7,308.0,0.0
2025-06-16 01:00:00,1750032000,toulouse,Toulouse,19.3,73.0,0.0,1008.1,7.6,306.0,0.0
2025-06-16 02:00:00,1750035600,toulouse,Toulouse,18.9,74.0,0.0,1007.9,6.5,300.0,0.0
2025-06-16 03:00:00,1750039200,toulouse,Toulouse,18.1,77.0,0.0,1007.9,7.7,279.0,0.0
2025-06-16 04:00:00,1750042800,toulouse,Toulouse,17.9,78.0,0.0,1007.5,7.8,275.0,0.0
2025-06-16 05:00:00,1750046400,toulouse,Toulouse,17.8,79.0,0.0,1007.4,7.6,292.0,0.0
2025-06-16 06:00:00,1750050000,toulouse,Toulouse,17.5,80.0,0.0,1007.4,7.9,303.0,0.0
2025-06-16 07:00:00,1750053600,toulouse,Toulouse,17.0,82.0,0.0,1007.5,7.8,299.0,13.0
2025-06-16 08:00:00,1750057200,toulouse,Toulouse,17.3,80.0,0.0,1007.5,6.9,301.0,108.0
2025-06-16 09:00:00,1750060800,toulouse,Toulouse,18.4,74.0,0.0,1007.7,6.9,307.0,303.0
2025-06-16 10:00:00,1750064400,toulouse,Toulouse,20.0,67.0,0.0,1007.6,7.9,309.0,482.0
2025-06-16 11:00:00,1750068000,toulouse,Toulouse,21.7,56.0,0.0,1007.5,9.5,306.0,651.0
2025-06-16 12:00:00,1750071600,toulouse,Toulouse,22.9,48.0,0.0,1007.3,10.4,307.0,792.0
2025-06-16 13:00:00,1750075200,toulouse,Toulouse,23.8,45.0,0.0,1007.0,10.5,311.0,894.0
2025-06-16 14:00:00,1750078800,toulouse,Toulouse,24.5,45.0,0.0,1006.6,10.6,314.0,942.0
2025-06-16 15:00:00,1750082400,toulouse,Toulouse,25.9,40.0,0.0,1006.0,11.1,323.0,939.0
2025-06-16 16:00:00,1750086000,toulouse,Toulouse,26.3,40.0,0.0,1005.5,10.6,325.0,879.0
2025-06-16 17:00:00,1750089600,toulouse,Toulouse,26.5,40.0,0.0,1005.0,10.2,326.0,771.0
2025-06-16 18:00:00,1750093200,toulouse,Toulouse,26.4,41.0,0.0,1004.3,9.5,324.0,624.0
2025-06-16 19:00:00,1750096800,toulouse,Toulouse,26.0,43.0,0.0,1004.3,9.1,324.0,453.0
2025-06-16 20:00:00,1750100400,toulouse,Toulouse,25.4,47.0,0.0,1004.3,8.3,318.0,272.0
2025-06-16 21:00:00,1750104000,toulouse,Toulouse,24.1,55.0,0.0,1004.1,5.9,293.0,108.0
2025-06-16 22:00:00,1750107600,toulouse,Toulouse,22.5,62.0,0.0,1004.3,5.9,270.0,10.0
2025-06-16 23:00:00,1750111200,toulouse,Toulouse,21.4,67.0,0.0,1004.7,5.5,279.0,0.0
2025-06-17 00:00:00,1750114800,toulouse,Toulouse,20.4,71.0,0.0,1005.1,5.6,301.0,0.0
2025-06-17 01:00:00,1750118400,toulouse,Toulouse,19.6,76.0,0.0,1004.9,5.5,316.0,0.0
2025-06-17 02:00:00,1750122000,toulouse,Toulouse,18.6,81.0,0.0,1004.5,5.1,321.0,0.0
2025-06-17 03:00:00,1750125600,toulouse,Toulouse,17.2,81.0,0.0,1004.0,6.4,333.0,0.0
2025-06-17 04:00:00,1750129200,toulouse,Toulouse,16.0,86.0,0.0,1003.7,3.9,338.0,0.0
2025-06-17 05:00:00,1750132800,toulouse,Toulouse,15.1,89.0,0.0,1003.7,2.3,266.0,0.0
2025-06-17 06:00:00,1750136400,toulouse,Toulouse,14.8,90.0,0.0,1003.6,4.2,263.0,0.0
2025-06-17 07:00:00,1750140000,toulouse,Toulouse,15.2,87.0,0.0,1003.7,5.4,274.0,19.0
2025-06-17 08:00:00,1750143600,toulouse,Toulouse,16.7,78.0,0.0,1003.9,5.1,288.0,136.0
2025-06-17 09:00:00,1750147200,toulouse,Toulouse,19.0,64.0,0.0,1004.3,5.0,308.0,307.0
2025-06-17 10:00:00,1750150800,toulouse,Toulouse,21.6,53.0,0.0,1004.4,4.2,310.0,489.0
2025-06-17 11:00:00,1750154400,toulouse,Toulouse,24.2,42.0,0.0,1004.5,5.7,311.0,660.0
2025-06-17 12:00:00,1750158000,toulouse,Toulouse,26.1,36.0,0.0,1004.4,7.3,322.0,799.0
2025-06-17 13:00:00,1750161600,toulouse,Toulouse,27.5,33.0,0.0,1004.4,7.3,322.0,897.0
2025-06-17 14:00:00,1750165200,toulouse,Toulouse,28.8,29.0,0.0,1004.0,8.1,323.0,946.0
2025-06-17 15:00:00,1750168800,toulouse,Toulouse,30.0,27.0,0.0,1004.0,8.6,327.0,938.0
2025-06-17 16:00:00,1750172400,toulouse,Toulouse,30.5,27.0,0.0,1003.7,9.5,331.0,880.0
2025-06-17 17:00:00,1750176000,toulouse,Toulouse,30.6,27.0,0.0,1003.4,10.0,332.0,774.0
2025-06-17 18:00:00,1750179600,toulouse,Toulouse,30.3,28.0,0.0,1003.0,10.5,336.0,629.0
2025-06-17 19:00:00,1750183200,toulouse,Toulouse,29.5,30.0,0.0,1002.9,10.7,333.0,456.0
2025-06-17 20:00:00,1750186800,toulouse,Toulouse,28.5,34.0,0.0,1003.1,9.8,334.0,274.0
2025-06-17 21:00:00,1750190400,toulouse,Toulouse,27.3,38.0,0.0,1003.2,9.1,326.0,110.0
2025-06-17 22:00:00,1750194000,toulouse,Toulouse,25.9,44.0,0.0,1003.5,7.5,291.0,10.0
2025-06-17 23:00:00,1750197600,toulouse,Toulouse,25.1,47.0,0.0,1003.9,7.5,281.0,0.0
2025-06-18 00:00:00,1750201200,toulouse,Toulouse,24.3,51.0,0.0,1004.0,7.6,284.0,0.0
2025-06-18 01:00:00,1750204800,toulouse,Toulouse,23.4,54.0,0.0,1003.9,6.3,267.0,0.0
2025-06-18 02:00:00,1750208400,toulouse,Toulouse,22.6,56.0,0.0,1003.6,5.4,255.0,0.0
2025-06-18 03:00:00,1750212000,toulouse,Toulouse,20.2,67.0,0.0,1003.5,4.5,233.0,0.0
2025-06-18 04:00:00,1750215600,toulouse,Toulouse,19.1,71.0,0.0,1003.1,3.5,201.0,0.0
2025-06-18 05:00:00,1750219200,toulouse,Toulouse,18.5,74.0,0.0,1003.2,2.2,204.0,0.0
2025-06-18 06:00:00,1750222800,toulouse,Toulouse,17.9,76.0,0.0,1003.1,4.7,212.0,0.0
2025-06-18 07:00:00,1750226400,toulouse,Toulouse,17.9,75.0,0.0,1003.4,6.1,238.0,19.0
2025-06-18 08:00:00,1750230000,toulouse,Toulouse,19.3,69.0,0.0,1003.7,3.0,245.0,134.0
2025-06-18 09:00:00,1750233600,toulouse,Toulouse,21.3,62.0,0.0,1004.1,2.8,259.0,304.0
2025-06-18 10:00:00,1750237200,toulouse,Toulouse,23.7,55.0,0.0,1004.2,3.7,281.0,485.0
2025-06-18 11:00:00,1750240800,toulouse,Toulouse,26.2,45.0,0.0,1003.9,3.8,295.0,653.0
2025-06-18 12:00:00,1750244400,toulouse,Toulouse,28.4,36.0,0.0,1003.9,4.0,321.0,793.0
2025-06-18 13:00:00,1750248000,toulouse,Toulouse,29.9,30.0,0.0,1003.7,3.6,354.0,892.0
2025-06-18 14:00:00,1750251600,toulouse,Toulouse,31.0,27.0,0.0,1003.2,3.7,14.0,941.0
2025-06-18 15:00:00,1750255200,toulouse,Toulouse,31.6,27.0,0.0,1003.1,4.3,28.0,932.0
2025-06-18 16:00:00,1750258800,toulouse,Toulouse,32.2,26.0,0.0,1002.6,5.5,17.0,874.0
2025-06-18 17:00:00,1750262400,toulouse,Toulouse,32.4,26.0,0.0,1002.0,6.7,16.0,769.0
2025-06-18 18:00:00,1750266000,toulouse,Toulouse,32.4,26.0,0.0,1001.5,7.7,21.0,625.0
2025-06-18 19:00:00,1750269600,toulouse,Toulouse,31.9,25.0,0.0,1001.3,8.4,31.0,455.0
2025-06-18 20:00:00,1750273200,toulouse,Toulouse,31.3,24.0,0.0,1001.1,6.9,47.0,275.0
2025-06-18 21:00:00,1750276800,toulouse,Toulouse,30.2,25.0,0.0,1001.2,6.0,63.0,111.0
2025-06-18 22:00:00,1750280400,toulouse,Toulouse,28.2,31.0,0.0,1001.3,3.3,77.0,11.0
2025-06-18 23:00:00,1750284000,toulouse,Toulouse,26.7,36.0,0.0,1001.6,4.1,88.0,0.0
2025-06-19 00:00:00,1750287600,toulouse,Toulouse,24.9,45.0,0.0,1001.8,4.7,108.0,0.0
2025-06-19 01:00:00,1750291200,toulouse,Toulouse,23.6,52.0,0.0,1001.7,4.1,128.0,0.0
2025-06-19 02:00:00,1750294800,toulouse,Toulouse,22.5,58.0,0.0,1001.4,6.3,127.0,0.0
2025-06-19 03:00:00,1750298400,toulouse,Toulouse,20.2,69.0,0.0,1001.4,,,0.0
2025-06-19 04:00:00,1750302000,toulouse,Toulouse,19.3,73.0,0.0,1001.2,,,0.0
2025-06-19 05:00:00,1750305600,toulouse,Toulouse,18.5,76.0,0.0,1001.1,,,0.0
2025-06-19 06:00:00,1750309200,toulouse,Toulouse,17.6,80.0,0.0,1001.0,,,0.0
2025-06-19 07:00:00,1750312800,toulouse,Toulouse,17.5,79.0,0.0,1001.3,,,19.0
2025-06-19 08:00:00,1750316400,toulouse,Toulouse,19.4,70.0,0.0,1001.4,,,133.0
2025-06-19 09:00:00,1750320000,toulouse,Toulouse,22.8,56.0,0.0,1001.9,,,303.0
2025-06-19 10:00:00,1750323600,toulouse,Toulouse,26.2,43.0,0.0,1002.0,,,484.0
2025-06-19 11:00:00,1750327200,toulouse,Toulouse,29.2,36.0,0.0,1001.8,,,652.0
2025-06-19 12:00:00,1750330800,toulouse,Toulouse,31.1,32.0,0.0,1001.6,,,791.0
2025-06-19 13:00:00,1750334400,toulouse,Toulouse,32.7,28.0,0.0,1001.5,,,889.0
2025-06-19 14:00:00,1750338000,toulouse,Toulouse,33.9,24.0,0.0,1001.1,,,939.0
2025-06-19 15:00:00,1750341600,toulouse,Toulouse,34.4,23.0,0.0,1001.1,,,936.0
2025-06-19 16:00:00,1750345200,toulouse,Toulouse,34.8,22.0,0.0,1000.6,,,878.0
2025-06-19 17:00:00,1750348800,toulouse,Toulouse,34.8,22.0,0.0,1000.1,,,773.0
2025-06-19 18:00:00,1750352400,toulouse,Toulouse,34.6,24.0,0.0,999.8,,,629.0
2025-06-19 19:00:00,1750356000,toulouse,Toulouse,34.0,26.0,0.0,1000.3,,,457.0
2025-06-19 20:00:00,1750359600,toulouse,Toulouse,33.3,27.0,0.0,1000.2,,,276.0
2025-06-19 21:00:00,1750363200,toulouse,Toulouse,31.9,28.0,0.0,1000.5,,,111.0
2025-06-19 22:00:00,1750366800,toulouse,Toulouse,30.2,32.0,0.0,1000.7,,,10.0
2025-06-19 23:00:00,1750370400,toulouse,Toulouse,28.7,39.0,0.0,1001.3,,,0.0
2025-06-20 00:00:00,1750374000,toulouse,Toulouse,26.9,42.0,0.0,1001.6,,,0.0
2025-06-20 01:00:00,1750377600,toulouse,Toulouse,26.1,45.0,0.0,1001.6,,,0.0
2025-06-20 02:00:00,1750381200,toulouse,Toulouse,25.4,46.0,0.0,1001.7,,,0.0
2025-06-20 03:00:00,1750384800,toulouse,Toulouse,,,,,,,
2025-06-20 04:00:00,1750388400,toulouse,Toulouse,,,,,,,
2025-06-20 05:00:00,1750392000,toulouse,Toulouse,,,,,,,
2025-06-20 06:00:00,1750395600,toulouse,Toulouse,,,,,,,
2025-06-20 07:00:00,1750399200,toulouse,Toulouse,,,,,,,
2025-06-20 08:00:00,1750402800,toulouse,Toulouse,,,,,,,
2025-06-20 09:00:00,1750406400,toulouse,Toulouse,,,,,,,
2025-06-20 10:00:00,1750410000,toulouse,Toulouse,,,,,,,
2025-06-20 11:00:00,1750413600,toulouse,Toulouse,,,,,,,
2025-06-20 12:00:00,1750417200,toulouse,Toulouse,,,,,,,
2025-06-20 13:00:00,1750420800,toulouse,Toulouse,,,,,,,
2025-06-20 14:00:00,1750424400,toulouse,Toulouse,,,,,,,
2025-06-20 15:00:00,1750428000,toulouse,Toulouse,,,,,,,
2025-06-20 16:00:00,1750431600,toulouse,Toulouse,,,,,,,
2025-06-20 17:00:00,1750435200,toulouse,Toulouse,,,,,,,
2025-06-20 18:00:00,1750438800,toulouse,Toulouse,,,,,,,
2025-06-20 19:00:00,1750442400,toulouse,Toulouse,,,,,,,
2025-06-20 20:00:00,1750446000,toulouse,Toulouse,,,,,,,
2025-06-20 21:00:00,1750449600,toulouse,Toulouse,,,,,,,
2025-06-20 22:00:00,1750453200,toulouse,Toulouse,,,,,,,
2025-06-20 23:00:00,1750456800,toulouse,Toulouse,,,,,,,
