,start,end,values
0,1741820400,1741824000,321
1,1741824000,1741827600,320
2,1741827600,1741831200,320
3,1741831200,1741834800,318
4,1741834800,1741838400,315
5,1741838400,1741842000,318
6,1741842000,1741845600,310
7,1741845600,1741849200,303
8,1741849200,1741852800,299
9,1741852800,1741856400,310
10,1741856400,1741860000,315
11,1741860000,1741863600,309
12,1741863600,1741867200,306
13,1741867200,1741870800,317
14,1741870800,1741874400,320
15,1741874400,1741878000,312
16,1741878000,1741881600,312
17,1741881600,1741885200,320
18,1741885200,1741888800,318
19,1741888800,1741892400,320
20,1741892400,1741896000,320
21,1741896000,1741899600,321
22,1741899600,1741903200,319
23,1741903200,1741906800,317
24,1741906800,1741910400,321
25,1741910400,1741914000,324
26,1741914000,1741917600,323
27,1741917600,1741921200,322
28,1741921200,1741924800,324
29,1741924800,1741928400,318
30,1741928400,1741932000,315
31,1741932000,1741935600,314
32,1741935600,1741939200,312
33,1741939200,1741942800,313
34,1741942800,1741946400,316
35,1741946400,1741950000,316
36,1741950000,1741953600,291
37,1741953600,1741957200,289
38,1741957200,1741960800,304
39,1741960800,1741964400,309
40,1741964400,1741968000,316
41,1741968000,1741971600,318
42,1741971600,1741975200,315
43,1741975200,1741978800,319
44,1741978800,1741982400,319
45,1741982400,1741986000,324
46,1741986000,1741989600,330
47,1741989600,1741993200,328
48,1741993200,1741996800,329
49,1741996800,1742000400,329
50,1742000400,1742004000,328
51,1742004000,1742007600,328
52,1742007600,1742011200,329
53,1742011200,1742014800,327
54,1742014800,1742018400,325
55,1742018400,1742022000,324
56,1742022000,1742025600,327
57,1742025600,1742029200,327
58,1742029200,1742032800,300
59,1742032800,1742036400,326
60,1742036400,1742040000,325
61,1742040000,1742043600,321
62,1742043600,1742047200,323
63,1742047200,1742050800,321
64,1742050800,1742054400,319
65,1742054400,1742058000,312
66,1742058000,1742061600,298
67,1742061600,1742065200,311
68,1742065200,1742068800,317
69,1742068800,1742072400,314
70,1742072400,1742076000,317
71,1742076000,1742079600,314
72,1742079600,1742083200,313
73,1742083200,1742086800,313
74,1742086800,1742090400,314
75,1742090400,1742094000,317
76,1742094000,1742097600,306
77,1742097600,1742101200,302
78,1742101200,1742104800,316
79,1742104800,1742108400,324
80,1742108400,1742112000,309
81,1742112000,1742115600,301
82,1742115600,1742119200,312
83,1742119200,1742122800,314
84,1742122800,1742126400,313
85,1742126400,1742130000,313
86,1742130000,1742133600,314
87,1742133600,1742137200,314
88,1742137200,1742140800,311
89,1742140800,1742144400,310
90,1742144400,1742148000,309
91,1742148000,1742151600,311
92,1742151600,1742155200,312
93,1742155200,1742158800,310
94,1742158800,1742162400,311
95,1742162400,1742166000,310
96,1742166000,1742169600,310
97,1742169600,1742173200,311
98,1742173200,1742176800,308
99,1742176800,1742180400,309
100,1742180400,1742184000,308
101,1742184000,1742187600,302
102,1742187600,1742191200,284
103,1742191200,1742194800,284
104,1742194800,1742198400,295
105,1742198400,1742202000,299
106,1742202000,1742205600,302
107,1742205600,1742209200,304
108,1742209200,1742212800,304
109,1742212800,1742216400,309
110,1742216400,1742220000,302
111,1742220000,1742223600,309
112,1742223600,1742227200,308
113,1742227200,1742230800,310
114,1742230800,1742234400,307
115,1742234400,1742238000,306
116,1742238000,1742241600,309
117,1742241600,1742245200,313
118,1742245200,1742248800,314
119,1742248800,1742252400,307
120,1742252400,1742256000,307
121,1742256000,1742259600,307
122,1742259600,1742263200,310
123,1742263200,1742266800,322
124,1742266800,1742270400,330
125,1742270400,1742274000,336
126,1742274000,1742277600,329
127,1742277600,1742281200,318
128,1742281200,1742284800,304
129,1742284800,1742288400,312
130,1742288400,1742292000,315
131,1742292000,1742295600,317
132,1742295600,1742299200,313
133,1742299200,1742302800,310
134,1742302800,1742306400,310
135,1742306400,1742310000,309
136,1742310000,1742313600,310
137,1742313600,1742317200,311
138,1742317200,1742320800,310
139,1742320800,1742324400,309
140,1742324400,1742328000,310
141,1742328000,1742331600,308
142,1742331600,1742335200,308
143,1742335200,1742338800,308
144,1742338800,1742342400,312
145,1742342400,1742346000,310
146,1742346000,1742349600,307
147,1742349600,1742353200,307
148,1742353200,1742356800,310
149,1742356800,1742360400,309
150,1742360400,1742364000,308
151,1742364000,1742367600,302
152,1742367600,1742371200,304
153,1742371200,1742374800,308
154,1742374800,1742378400,309
155,1742378400,1742382000,310
156,1742382000,1742385600,312
157,1742385600,1742389200,317
158,1742389200,1742392800,315
159,1742392800,1742396400,315
160,1742396400,1742400000,315
161,1742400000,1742403600,316
162,1742403600,1742407200,314
163,1742407200,1742410800,316
164,1742410800,1742414400,317
165,1742414400,1742418000,318
166,1742418000,1742421600,321
167,1742421600,1742425200,322
168,1742425200,1742428800,322
169,1742428800,1742432400,323
170,1742432400,1742436000,320
171,1742436000,1742439600,318
172,1742439600,1742443200,319
173,1742443200,1742446800,312
174,1742446800,1742450400,310
175,1742450400,1742454000,309
176,1742454000,1742457600,310
177,1742457600,1742461200,310
178,1742461200,1742464800,308
179,1742464800,1742468400,311
180,1742468400,1742472000,326
181,1742472000,1742475600,327
182,1742475600,1742479200,328
183,1742479200,1742482800,328
184,1742482800,1742486400,326
185,1742486400,1742490000,331
186,1742490000,1742493600,335
187,1742493600,1742497200,324
188,1742497200,1742500800,324
189,1742500800,1742504400,327
190,1742504400,1742508000,327
191,1742508000,1742511600,328
192,1742511600,1742515200,329
193,1742515200,1742518800,323
194,1742518800,1742522400,320
195,1742522400,1742526000,313
196,1742526000,1742529600,316
197,1742529600,1742533200,317
198,1742533200,1742536800,316
199,1742536800,1742540400,313
200,1742540400,1742544000,314
201,1742544000,1742547600,315
202,1742547600,1742551200,316
203,1742551200,1742554800,320
204,1742554800,1742558400,318
205,1742558400,1742562000,320
206,1742562000,1742565600,315
207,1742565600,1742569200,306
208,1742569200,1742572800,313
209,1742572800,1742576400,319
210,1742576400,1742580000,325
211,1742580000,1742583600,330
212,1742583600,1742587200,327
213,1742587200,1742590800,325
214,1742590800,1742594400,327
215,1742594400,1742598000,329
216,1742598000,1742601600,330
217,1742601600,1742605200,333
218,1742605200,1742608800,332
219,1742608800,1742612400,334
220,1742612400,1742616000,334
221,1742616000,1742619600,329
222,1742619600,1742623200,324
223,1742623200,1742626800,324
224,1742626800,1742630400,326
225,1742630400,1742634000,327
226,1742634000,1742637600,333
227,1742637600,1742641200,328
228,1742641200,1742644800,323
229,1742644800,1742648400,323
230,1742648400,1742652000,321
231,1742652000,1742655600,325
232,1742655600,1742659200,325
233,1742659200,1742662800,324
234,1742662800,1742666400,325
235,1742666400,1742670000,325
236,1742670000,1742673600,328
237,1742673600,1742677200,327
238,1742677200,1742680800,321
239,1742680800,1742684400,327
240,1742684400,1742688000,330
241,1742688000,1742691600,334
242,1742691600,1742695200,332
243,1742695200,1742698800,330
244,1742698800,1742702400,327
245,1742702400,1742706000,326
246,1742706000,1742709600,329
247,1742709600,1742713200,326
248,1742713200,1742716800,329
249,1742716800,1742720400,329
250,1742720400,1742724000,324
251,1742724000,1742727600,327
252,1742727600,1742731200,325
253,1742731200,1742734800,322
254,1742734800,1742738400,327
255,1742738400,1742742000,326
256,1742742000,1742745600,319
257,1742745600,1742749200,328
258,1742749200,1742752800,329
259,1742752800,1742756400,327
260,1742756400,1742760000,322
261,1742760000,1742763600,320
262,1742763600,1742767200,323
263,1742767200,1742770800,324
264,1742770800,1742774400,325
265,1742774400,1742778000,324
266,1742778000,1742781600,328
267,1742781600,1742785200,330
268,1742785200,1742788800,324
269,1742788800,1742792400,308
270,1742792400,1742796000,314
271,1742796000,1742799600,316
272,1742799600,1742803200,312
273,1742803200,1742806800,316
274,1742806800,1742810400,314
275,1742810400,1742814000,308
276,1742814000,1742817600,308
277,1742817600,1742821200,303
278,1742821200,1742824800,301
279,1742824800,1742828400,300
280,1742828400,1742832000,309
281,1742832000,1742835600,313
282,1742835600,1742839200,316
283,1742839200,1742842800,316
284,1742842800,1742846400,315
285,1742846400,1742850000,318
286,1742850000,1742853600,320
287,1742853600,1742857200,318
288,1742857200,1742860800,321
289,1742860800,1742864400,318
290,1742864400,1742868000,320
291,1742868000,1742871600,320
292,1742871600,1742875200,321
293,1742875200,1742878800,316
294,1742878800,1742882400,316
295,1742882400,1742886000,316
296,1742886000,1742889600,314
297,1742889600,1742893200,306
298,1742893200,1742896800,307
299,1742896800,1742900400,299
300,1742900400,1742904000,304
301,1742904000,1742907600,306
302,1742907600,1742911200,308
303,1742911200,1742914800,309
304,1742914800,1742918400,312
305,1742918400,1742922000,303
306,1742922000,1742925600,301
307,1742925600,1742929200,308
308,1742929200,1742932800,314
309,1742932800,1742936400,317
310,1742936400,1742940000,319
311,1742940000,1742943600,319
312,1742943600,1742947200,319
313,1742947200,1742950800,314
314,1742950800,1742954400,311
315,1742954400,1742958000,311
316,1742958000,1742961600,312
317,1742961600,1742965200,309
318,1742965200,1742968800,307
319,1742968800,1742972400,305
320,1742972400,1742976000,304
321,1742976000,1742979600,306
322,1742979600,1742983200,307
323,1742983200,1742986800,295
324,1742986800,1742990400,298
325,1742990400,1742994000,306
326,1742994000,1742997600,305
327,1742997600,1743001200,303
328,1743001200,1743004800,304
329,1743004800,1743008400,303
330,1743008400,1743012000,305
331,1743012000,1743015600,301
332,1743015600,1743019200,292
333,1743019200,1743022800,289
334,1743022800,1743026400,293
335,1743026400,1743030000,294
336,1743030000,1743033600,297
337,1743033600,1743037200,296
338,1743037200,1743040800,297
339,1743040800,1743044400,296
340,1743044400,1743048000,294
341,1743048000,1743051600,288
342,1743051600,1743055200,290
343,1743055200,1743058800,285
344,1743058800,1743062400,285
345,1743062400,1743066000,287
346,1743066000,1743069600,289
347,1743069600,1743073200,291
348,1743073200,1743076800,291
349,1743076800,1743080400,290
350,1743080400,1743084000,293
351,1743084000,1743087600,288
352,1743087600,1743091200,291
353,1743091200,1743094800,293
354,1743094800,1743098400,296
355,1743098400,1743102000,298
356,1743102000,1743105600,297
357,1743105600,1743109200,294
358,1743109200,1743112800,295
359,1743112800,1743116400,290
360,1743116400,1743120000,289
361,1743120000,1743123600,293
362,1743123600,1743127200,294
363,1743127200,1743130800,297
364,1743130800,1743134400,296
365,1743134400,1743138000,293
366,1743138000,1743141600,287
367,1743141600,1743145200,287
368,1743145200,1743148800,293
369,1743148800,1743152400,294
370,1743152400,1743156000,294
371,1743156000,1743159600,293
372,1743159600,1743163200,294
373,1743163200,1743166800,298
374,1743166800,1743170400,307
375,1743170400,1743174000,311
376,1743174000,1743177600,311
377,1743177600,1743181200,308
378,1743181200,1743184800,306
379,1743184800,1743188400,307
380,1743188400,1743192000,304
381,1743192000,1743195600,305
382,1743195600,1743199200,301
383,1743199200,1743202800,301
384,1743202800,1743206400,301
385,1743206400,1743210000,301
386,1743210000,1743213600,315
387,1743213600,1743217200,318
388,1743217200,1743220800,319
389,1743220800,1743224400,318
390,1743224400,1743228000,316
391,1743228000,1743231600,315
392,1743231600,1743235200,315
393,1743235200,1743238800,316
394,1743238800,1743242400,318
395,1743242400,1743246000,321
396,1743246000,1743249600,327
397,1743249600,1743253200,325
398,1743253200,1743256800,330
399,1743256800,1743260400,331
400,1743260400,1743264000,334
401,1743264000,1743267600,318
402,1743267600,1743271200,330
403,1743271200,1743274800,339
404,1743274800,1743278400,331
405,1743278400,1743282000,329
406,1743282000,1743285600,330
407,1743285600,1743289200,330
408,1743289200,1743292800,332
409,1743292800,1743296400,334
410,1743296400,1743300000,332
411,1743300000,1743303600,329
412,1743303600,1743307200,327
413,1743307200,1743310800,329
414,1743310800,1743314400,330
415,1743314400,1743318000,331
416,1743318000,1743321600,328
417,1743321600,1743325200,330
418,1743325200,1743328800,331
419,1743328800,1743332400,331
420,1743332400,1743336000,333
421,1743336000,1743339600,331
422,1743339600,1743343200,333
423,1743343200,1743346800,335
424,1743346800,1743350400,336
425,1743350400,1743354000,336
426,1743354000,1743357600,335
427,1743357600,1743361200,333
428,1743361200,1743364800,334
429,1743364800,1743368400,332
430,1743368400,1743372000,332
431,1743372000,1743375600,333
432,1743375600,1743379200,332
433,1743379200,1743382800,332
434,1743382800,1743386400,334
435,1743386400,1743390000,333
436,1743390000,1743393600,329
437,1743393600,1743397200,326
438,1743397200,1743400800,326
439,1743400800,1743404400,321
440,1743404400,1743408000,322
441,1743408000,1743411600,325
442,1743411600,1743415200,325
443,1743415200,1743418800,327
444,1743418800,1743422400,329
445,1743422400,1743426000,328
446,1743426000,1743429600,329
447,1743429600,1743433200,331
448,1743433200,1743436800,334
449,1743436800,1743440400,334
450,1743440400,1743444000,332
451,1743444000,1743447600,335
452,1743447600,1743451200,335
453,1743451200,1743454800,335
454,1743454800,1743458400,336
455,1743458400,1743462000,336
456,1743462000,1743465600,335
457,1743465600,1743469200,327
458,1743469200,1743472800,327
459,1743472800,1743476400,327
460,1743476400,1743480000,325
461,1743480000,1743483600,327
462,1743483600,1743487200,322
463,1743487200,1743490800,324
464,1743490800,1743494400,325
465,1743494400,1743498000,326
466,1743498000,1743501600,328
467,1743501600,1743505200,327
468,1743505200,1743508800,329
469,1743508800,1743512400,328
470,1743512400,1743516000,327
471,1743516000,1743519600,328
472,1743519600,1743523200,329
473,1743523200,1743526800,331
474,1743526800,1743530400,330
475,1743530400,1743534000,329
476,1743534000,1743537600,327
477,1743537600,1743541200,327
478,1743541200,1743544800,323
479,1743544800,1743548400,333
480,1743548400,1743552000,331
481,1743552000,1743555600,330
482,1743555600,1743559200,330
483,1743559200,1743562800,328
484,1743562800,1743566400,328
485,1743566400,1743570000,325
486,1743570000,1743573600,324
487,1743573600,1743577200,323
488,1743577200,1743580800,325
489,1743580800,1743584400,322
490,1743584400,1743588000,309
491,1743588000,1743591600,310
492,1743591600,1743595200,313
493,1743595200,1743598800,314
494,1743598800,1743602400,314
495,1743602400,1743606000,315
496,1743606000,1743609600,315
497,1743609600,1743613200,317
498,1743613200,1743616800,317
499,1743616800,1743620400,316
500,1743620400,1743624000,316
501,1743624000,1743627600,318
502,1743627600,1743631200,320
503,1743631200,1743634800,320
504,1743634800,1743638400,318
505,1743638400,1743642000,320
506,1743642000,1743645600,321
507,1743645600,1743649200,320
508,1743649200,1743652800,315
509,1743652800,1743656400,312
510,1743656400,1743660000,309
511,1743660000,1743663600,308
512,1743663600,1743667200,311
513,1743667200,1743670800,312
514,1743670800,1743674400,313
515,1743674400,1743678000,315
516,1743678000,1743681600,316
517,1743681600,1743685200,315
518,1743685200,1743688800,308
519,1743688800,1743692400,310
520,1743692400,1743696000,308
521,1743696000,1743699600,304
522,1743699600,1743703200,308
523,1743703200,1743706800,318
524,1743706800,1743710400,321
525,1743710400,1743714000,324
526,1743714000,1743717600,323
527,1743717600,1743721200,315
528,1743721200,1743724800,321
529,1743724800,1743728400,326
530,1743728400,1743732000,318
531,1743732000,1743735600,317
532,1743735600,1743739200,330
533,1743739200,1743742800,325
534,1743742800,1743746400,324
535,1743746400,1743750000,324
536,1743750000,1743753600,327
537,1743753600,1743757200,327
538,1743757200,1743760800,331
539,1743760800,1743764400,336
540,1743764400,1743768000,330
541,1743768000,1743771600,327
542,1743771600,1743775200,322
543,1743775200,1743778800,328
544,1743778800,1743782400,319
545,1743782400,1743786000,335
546,1743786000,1743789600,328
547,1743789600,1743793200,326
548,1743793200,1743796800,329
549,1743796800,1743800400,331
550,1743800400,1743804000,333
551,1743804000,1743807600,334
552,1743807600,1743811200,335
553,1743811200,1743814800,333
554,1743814800,1743818400,324
555,1743818400,1743822000,322
556,1743822000,1743825600,322
557,1743825600,1743829200,322
558,1743829200,1743832800,326
559,1743832800,1743836400,326
560,1743836400,1743840000,325
561,1743840000,1743843600,327
562,1743843600,1743847200,325
563,1743847200,1743850800,326
564,1743850800,1743854400,325
565,1743854400,1743858000,328
566,1743858000,1743861600,330
567,1743861600,1743865200,330
568,1743865200,1743868800,331
569,1743868800,1743872400,330
570,1743872400,1743876000,331
571,1743876000,1743879600,332
572,1743879600,1743883200,330
573,1743883200,1743886800,328
574,1743886800,1743890400,326
575,1743890400,1743894000,329
576,1743894000,1743897600,327
577,1743897600,1743901200,326
578,1743901200,1743904800,329
579,1743904800,1743908400,325
580,1743908400,1743912000,321
581,1743912000,1743915600,319
582,1743915600,1743919200,316
583,1743919200,1743922800,316
584,1743922800,1743926400,316
585,1743926400,1743930000,318
586,1743930000,1743933600,319
587,1743933600,1743937200,319
588,1743937200,1743940800,320
589,1743940800,1743944400,318
590,1743944400,1743948000,323
591,1743948000,1743951600,324
592,1743951600,1743955200,322
593,1743955200,1743958800,323
594,1743958800,1743962400,324
595,1743962400,1743966000,323
596,1743966000,1743969600,323
597,1743969600,1743973200,322
598,1743973200,1743976800,319
599,1743976800,1743980400,319
600,1743980400,1743984000,318
601,1743984000,1743987600,316
602,1743987600,1743991200,315
603,1743991200,1743994800,316
604,1743994800,1743998400,313
605,1743998400,1744002000,309
606,1744002000,1744005600,312
607,1744005600,1744009200,312
608,1744009200,1744012800,313
609,1744012800,1744016400,312
610,1744016400,1744020000,312
611,1744020000,1744023600,311
612,1744023600,1744027200,313
613,1744027200,1744030800,315
614,1744030800,1744034400,313
615,1744034400,1744038000,313
616,1744038000,1744041600,315
617,1744041600,1744045200,319
618,1744045200,1744048800,319
619,1744048800,1744052400,316
620,1744052400,1744056000,317
621,1744056000,1744059600,317
622,1744059600,1744063200,318
623,1744063200,1744066800,317
624,1744066800,1744070400,318
625,1744070400,1744074000,316
626,1744074000,1744077600,314
627,1744077600,1744081200,315
628,1744081200,1744084800,312
629,1744084800,1744088400,310
630,1744088400,1744092000,309
631,1744092000,1744095600,310
632,1744095600,1744099200,310
633,1744099200,1744102800,310
634,1744102800,1744106400,311
635,1744106400,1744110000,312
636,1744110000,1744113600,315
637,1744113600,1744117200,315
638,1744117200,1744120800,315
639,1744120800,1744124400,313
640,1744124400,1744128000,319
641,1744128000,1744131600,319
642,1744131600,1744135200,322
643,1744135200,1744138800,322
644,1744138800,1744142400,321
645,1744142400,1744146000,322
646,1744146000,1744149600,322
647,1744149600,1744153200,321
648,1744153200,1744156800,320
649,1744156800,1744160400,325
650,1744160400,1744164000,323
651,1744164000,1744167600,321
652,1744167600,1744171200,321
653,1744171200,1744174800,320
654,1744174800,1744178400,319
655,1744178400,1744182000,313
656,1744182000,1744185600,319
657,1744185600,1744189200,311
658,1744189200,1744192800,293
659,1744192800,1744196400,292
660,1744196400,1744200000,294
661,1744200000,1744203600,294
662,1744203600,1744207200,296
663,1744207200,1744210800,311
664,1744210800,1744214400,316
665,1744214400,1744218000,320
666,1744218000,1744221600,324
667,1744221600,1744225200,320
668,1744225200,1744228800,321
669,1744228800,1744232400,323
670,1744232400,1744236000,322
671,1744236000,1744239600,321
672,1744239600,1744243200,323
673,1744243200,1744246800,323
674,1744246800,1744250400,322
675,1744250400,1744254000,322
676,1744254000,1744257600,322
677,1744257600,1744261200,320
678,1744261200,1744264800,321
679,1744264800,1744268400,319
680,1744268400,1744272000,314
681,1744272000,1744275600,320
682,1744275600,1744279200,302
683,1744279200,1744282800,285
684,1744282800,1744286400,286
685,1744286400,1744290000,286
686,1744290000,1744293600,285
687,1744293600,1744297200,286
688,1744297200,1744300800,296
689,1744300800,1744304400,293
690,1744304400,1744308000,314
691,1744308000,1744311600,315
692,1744311600,1744315200,308
693,1744315200,1744318800,308
694,1744318800,1744322400,310
695,1744322400,1744326000,312
696,1744326000,1744329600,311
697,1744329600,1744333200,308
698,1744333200,1744336800,310
699,1744336800,1744340400,302
700,1744340400,1744344000,290
701,1744344000,1744347600,278
702,1744347600,1744351200,277
703,1744351200,1744354800,277
704,1744354800,1744358400,280
705,1744358400,1744362000,281
706,1744362000,1744365600,281
707,1744365600,1744369200,281
708,1744369200,1744372800,285
709,1744372800,1744376400,283
710,1744376400,1744380000,284
711,1744380000,1744383600,284
712,1744383600,1744387200,297
713,1744387200,1744390800,310
714,1744390800,1744394400,307
715,1744394400,1744398000,311
716,1744398000,1744401600,314
717,1744401600,1744405200,315
718,1744405200,1744408800,316
719,1744408800,1744412400,312
720,1744412400,1744416000,313
721,1744416000,1744419600,314
722,1744419600,1744423200,310
723,1744423200,1744426800,310
724,1744426800,1744430400,309
725,1744430400,1744434000,307
726,1744434000,1744437600,306
727,1744437600,1744441200,307
728,1744441200,1744444800,309
729,1744444800,1744448400,307
730,1744448400,1744452000,305
731,1744452000,1744455600,309
732,1744455600,1744459200,317
733,1744459200,1744462800,320
734,1744462800,1744466400,311
735,1744466400,1744470000,290
736,1744470000,1744473600,285
737,1744473600,1744477200,287
738,1744477200,1744480800,308
739,1744480800,1744484400,307
740,1744484400,1744488000,319
741,1744488000,1744491600,319
742,1744491600,1744495200,319
743,1744495200,1744498800,320
744,1744498800,1744502400,321
745,1744502400,1744506000,321
746,1744506000,1744509600,325
747,1744509600,1744513200,326
748,1744513200,1744516800,327
749,1744516800,1744520400,326
750,1744520400,1744524000,323
751,1744524000,1744527600,324
752,1744527600,1744531200,324
753,1744531200,1744534800,325
754,1744534800,1744538400,321
755,1744538400,1744542000,317
756,1744542000,1744545600,318
757,1744545600,1744549200,316
758,1744549200,1744552800,314
759,1744552800,1744556400,311
760,1744556400,1744560000,313
761,1744560000,1744563600,311
762,1744563600,1744567200,312
763,1744567200,1744570800,312
764,1744570800,1744574400,309
765,1744574400,1744578000,311
766,1744578000,1744581600,309
767,1744581600,1744585200,305
768,1744585200,1744588800,305
769,1744588800,1744592400,308
770,1744592400,1744596000,308
771,1744596000,1744599600,306
772,1744599600,1744603200,309
773,1744603200,1744606800,308
774,1744606800,1744610400,307
775,1744610400,1744614000,303
776,1744614000,1744617600,303
777,1744617600,1744621200,302
778,1744621200,1744624800,305
779,1744624800,1744628400,304
780,1744628400,1744632000,308
781,1744632000,1744635600,307
782,1744635600,1744639200,307
783,1744639200,1744642800,305
784,1744642800,1744646400,304
785,1744646400,1744650000,306
786,1744650000,1744653600,305
787,1744653600,1744657200,310
788,1744657200,1744660800,311
789,1744660800,1744664400,316
790,1744664400,1744668000,315
791,1744668000,1744671600,314
792,1744671600,1744675200,313
793,1744675200,1744678800,312
794,1744678800,1744682400,313
795,1744682400,1744686000,314
796,1744686000,1744689600,313
797,1744689600,1744693200,311
798,1744693200,1744696800,309
799,1744696800,1744700400,305
800,1744700400,1744704000,305
801,1744704000,1744707600,306
802,1744707600,1744711200,302
803,1744711200,1744714800,294
804,1744714800,1744718400,287
805,1744718400,1744722000,286
806,1744722000,1744725600,287
807,1744725600,1744729200,290
808,1744729200,1744732800,293
809,1744732800,1744736400,293
810,1744736400,1744740000,291
811,1744740000,1744743600,289
812,1744743600,1744747200,292
813,1744747200,1744750800,295
814,1744750800,1744754400,295
815,1744754400,1744758000,296
816,1744758000,1744761600,297
817,1744761600,1744765200,299
818,1744765200,1744768800,300
819,1744768800,1744772400,299
820,1744772400,1744776000,289
821,1744776000,1744779600,284
822,1744779600,1744783200,283
823,1744783200,1744786800,287
824,1744786800,1744790400,292
825,1744790400,1744794000,291
826,1744794000,1744797600,289
827,1744797600,1744801200,287
828,1744801200,1744804800,288
829,1744804800,1744808400,276
830,1744808400,1744812000,278
831,1744812000,1744815600,285
832,1744815600,1744819200,288
833,1744819200,1744822800,289
834,1744822800,1744826400,287
835,1744826400,1744830000,287
836,1744830000,1744833600,290
837,1744833600,1744837200,290
838,1744837200,1744840800,291
839,1744840800,1744844400,294
840,1744844400,1744848000,297
841,1744848000,1744851600,298
842,1744851600,1744855200,297
843,1744855200,1744858800,294
844,1744858800,1744862400,293
845,1744862400,1744866000,295
846,1744866000,1744869600,302
847,1744869600,1744873200,302
848,1744873200,1744876800,300
849,1744876800,1744880400,298
850,1744880400,1744884000,295
851,1744884000,1744887600,300
852,1744887600,1744891200,301
853,1744891200,1744894800,299
854,1744894800,1744898400,302
855,1744898400,1744902000,306
856,1744902000,1744905600,304
857,1744905600,1744909200,308
858,1744909200,1744912800,307
859,1744912800,1744916400,303
860,1744916400,1744920000,306
861,1744920000,1744923600,308
862,1744923600,1744927200,306
863,1744927200,1744930800,311
864,1744930800,1744934400,310
865,1744934400,1744938000,306
866,1744938000,1744941600,307
867,1744941600,1744945200,305
868,1744945200,1744948800,304
869,1744948800,1744952400,299
870,1744952400,1744956000,300
871,1744956000,1744959600,298
872,1744959600,1744963200,299
873,1744963200,1744966800,296
874,1744966800,1744970400,296
875,1744970400,1744974000,296
876,1744974000,1744977600,301
877,1744977600,1744981200,321
878,1744981200,1744984800,328
879,1744984800,1744988400,323
880,1744988400,1744992000,322
881,1744992000,1744995600,322
882,1744995600,1744999200,322
883,1744999200,1745002800,318
884,1745002800,1745006400,320
885,1745006400,1745010000,323
886,1745010000,1745013600,323
887,1745013600,1745017200,321
888,1745017200,1745020800,316
889,1745020800,1745024400,298
890,1745024400,1745028000,298
891,1745028000,1745031600,323
892,1745031600,1745035200,326
893,1745035200,1745038800,322
894,1745038800,1745042400,321
895,1745042400,1745046000,320
896,1745046000,1745049600,322
897,1745049600,1745053200,324
898,1745053200,1745056800,325
899,1745056800,1745060400,328
900,1745060400,1745064000,333
901,1745064000,1745067600,337
902,1745067600,1745071200,339
903,1745071200,1745074800,339
904,1745074800,1745078400,342
905,1745078400,1745082000,354
906,1745082000,1745085600,353
907,1745085600,1745089200,349
908,1745089200,1745092800,336
909,1745092800,1745096400,338
910,1745096400,1745100000,337
911,1745100000,1745103600,333
912,1745103600,1745107200,334
913,1745107200,1745110800,334
914,1745110800,1745114400,334
915,1745114400,1745118000,333
916,1745118000,1745121600,325
917,1745121600,1745125200,319
918,1745125200,1745128800,321
919,1745128800,1745132400,323
920,1745132400,1745136000,324
921,1745136000,1745139600,320
922,1745139600,1745143200,321
923,1745143200,1745146800,319
924,1745146800,1745150400,307
925,1745150400,1745154000,298
926,1745154000,1745157600,293
927,1745157600,1745161200,300
928,1745161200,1745164800,319
929,1745164800,1745168400,318
930,1745168400,1745172000,318
931,1745172000,1745175600,318
932,1745175600,1745179200,317
933,1745179200,1745182800,320
934,1745182800,1745186400,321
935,1745186400,1745190000,322
936,1745190000,1745193600,319
937,1745193600,1745197200,321
938,1745197200,1745200800,324
939,1745200800,1745204400,320
940,1745204400,1745208000,319
941,1745208000,1745211600,316
942,1745211600,1745215200,316
943,1745215200,1745218800,318
944,1745218800,1745222400,317
945,1745222400,1745226000,304
946,1745226000,1745229600,291
947,1745229600,1745233200,281
948,1745233200,1745236800,279
949,1745236800,1745240400,281
950,1745240400,1745244000,284
951,1745244000,1745247600,284
952,1745247600,1745251200,284
953,1745251200,1745254800,285
954,1745254800,1745258400,289
955,1745258400,1745262000,288
956,1745262000,1745265600,305
957,1745265600,1745269200,310
958,1745269200,1745272800,311
959,1745272800,1745276400,313
960,1745276400,1745280000,313
961,1745280000,1745283600,317
962,1745283600,1745287200,317
963,1745287200,1745290800,318
964,1745290800,1745294400,316
965,1745294400,1745298000,312
966,1745298000,1745301600,304
967,1745301600,1745305200,302
968,1745305200,1745308800,294
969,1745308800,1745312400,289
970,1745312400,1745316000,291
971,1745316000,1745319600,287
972,1745319600,1745323200,280
973,1745323200,1745326800,288
974,1745326800,1745330400,286
975,1745330400,1745334000,292
976,1745334000,1745337600,288
977,1745337600,1745341200,287
978,1745341200,1745344800,288
979,1745344800,1745348400,287
980,1745348400,1745352000,291
981,1745352000,1745355600,292
982,1745355600,1745359200,292
983,1745359200,1745362800,293
984,1745362800,1745366400,294
985,1745366400,1745370000,295
986,1745370000,1745373600,291
987,1745373600,1745377200,290
988,1745377200,1745380800,289
989,1745380800,1745384400,289
990,1745384400,1745388000,288
991,1745388000,1745391600,288
992,1745391600,1745395200,288
993,1745395200,1745398800,285
994,1745398800,1745402400,288
995,1745402400,1745406000,288
996,1745406000,1745409600,287
997,1745409600,1745413200,281
998,1745413200,1745416800,266
999,1745416800,1745420400,261
1000,1745420400,1745424000,279
1001,1745424000,1745427600,285
1002,1745427600,1745431200,289
1003,1745431200,1745434800,290
1004,1745434800,1745438400,290
1005,1745438400,1745442000,290
1006,1745442000,1745445600,291
1007,1745445600,1745449200,296
1008,1745449200,1745452800,302
1009,1745452800,1745456400,304
1010,1745456400,1745460000,305
1011,1745460000,1745463600,305
1012,1745463600,1745467200,303
1013,1745467200,1745470800,303
1014,1745470800,1745474400,299
1015,1745474400,1745478000,299
1016,1745478000,1745481600,300
1017,1745481600,1745485200,298
1018,1745485200,1745488800,297
1019,1745488800,1745492400,297
1020,1745492400,1745496000,298
1021,1745496000,1745499600,300
1022,1745499600,1745503200,305
1023,1745503200,1745506800,299
1024,1745506800,1745510400,302
1025,1745510400,1745514000,301
1026,1745514000,1745517600,305
1027,1745517600,1745521200,306
1028,1745521200,1745524800,306
1029,1745524800,1745528400,306
1030,1745528400,1745532000,307
1031,1745532000,1745535600,312
1032,1745535600,1745539200,313
1033,1745539200,1745542800,314
1034,1745542800,1745546400,305
1035,1745546400,1745550000,288
1036,1745550000,1745553600,285
1037,1745553600,1745557200,280
1038,1745557200,1745560800,280
1039,1745560800,1745564400,280
1040,1745564400,1745568000,282
1041,1745568000,1745571600,306
1042,1745571600,1745575200,317
1043,1745575200,1745578800,318
1044,1745578800,1745582400,317
1045,1745582400,1745586000,314
1046,1745586000,1745589600,317
1047,1745589600,1745593200,321
1048,1745593200,1745596800,322
1049,1745596800,1745600400,323
1050,1745600400,1745604000,324
1051,1745604000,1745607600,323
1052,1745607600,1745611200,323
1053,1745611200,1745614800,322
1054,1745614800,1745618400,322
1055,1745618400,1745622000,323
1056,1745622000,1745625600,314
1057,1745625600,1745629200,305
1058,1745629200,1745632800,300
1059,1745632800,1745636400,295
1060,1745636400,1745640000,293
1061,1745640000,1745643600,319
1062,1745643600,1745647200,319
1063,1745647200,1745650800,313
1064,1745650800,1745654400,319
1065,1745654400,1745658000,322
1066,1745658000,1745661600,321
1067,1745661600,1745665200,321
1068,1745665200,1745668800,324
1069,1745668800,1745672400,321
1070,1745672400,1745676000,322
1071,1745676000,1745679600,324
1072,1745679600,1745683200,324
1073,1745683200,1745686800,324
1074,1745686800,1745690400,325
1075,1745690400,1745694000,324
1076,1745694000,1745697600,323
1077,1745697600,1745701200,323
1078,1745701200,1745704800,326
1079,1745704800,1745708400,320
1080,1745708400,1745712000,322
1081,1745712000,1745715600,329
1082,1745715600,1745719200,331
1083,1745719200,1745722800,331
1084,1745722800,1745726400,331
1085,1745726400,1745730000,325
1086,1745730000,1745733600,320
1087,1745733600,1745737200,318
1088,1745737200,1745740800,311
1089,1745740800,1745744400,305
1090,1745744400,1745748000,299
1091,1745748000,1745751600,298
1092,1745751600,1745755200,311
1093,1745755200,1745758800,324
1094,1745758800,1745762400,331
1095,1745762400,1745766000,332
1096,1745766000,1745769600,335
1097,1745769600,1745773200,333
1098,1745773200,1745776800,333
1099,1745776800,1745780400,334
1100,1745780400,1745784000,330
1101,1745784000,1745787600,325
1102,1745787600,1745791200,322
1103,1745791200,1745794800,323
1104,1745794800,1745798400,321
1105,1745798400,1745802000,320
1106,1745802000,1745805600,320
1107,1745805600,1745809200,320
1108,1745809200,1745812800,318
1109,1745812800,1745816400,319
1110,1745816400,1745820000,309
1111,1745820000,1745823600,315
1112,1745823600,1745827200,314
1113,1745827200,1745830800,313
1114,1745830800,1745834400,313
1115,1745834400,1745838000,316
1116,1745838000,1745841600,318
1117,1745841600,1745845200,317
1118,1745845200,1745848800,321
1119,1745848800,1745852400,320
1120,1745852400,1745856000,324
1121,1745856000,1745859600,325
1122,1745859600,1745863200,324
1123,1745863200,1745866800,326
1124,1745866800,1745870400,325
1125,1745870400,1745874000,327
1126,1745874000,1745877600,321
1127,1745877600,1745881200,329
1128,1745881200,1745884800,332
1129,1745884800,1745888400,332
1130,1745888400,1745892000,334
1131,1745892000,1745895600,337
1132,1745895600,1745899200,337
1133,1745899200,1745902800,329
1134,1745902800,1745906400,326
1135,1745906400,1745910000,319
1136,1745910000,1745913600,321
1137,1745913600,1745917200,322
1138,1745917200,1745920800,328
1139,1745920800,1745924400,328
1140,1745924400,1745928000,329
1141,1745928000,1745931600,331
1142,1745931600,1745935200,332
1143,1745935200,1745938800,334
1144,1745938800,1745942400,332
1145,1745942400,1745946000,333
1146,1745946000,1745949600,332
1147,1745949600,1745953200,334
1148,1745953200,1745956800,335
1149,1745956800,1745960400,331
1150,1745960400,1745964000,331
1151,1745964000,1745967600,336
1152,1745967600,1745971200,341
1153,1745971200,1745974800,342
1154,1745974800,1745978400,339
1155,1745978400,1745982000,337
1156,1745982000,1745985600,339
1157,1745985600,1745989200,330
1158,1745989200,1745992800,331
1159,1745992800,1745996400,331
1160,1745996400,1746000000,333
1161,1746000000,1746003600,331
1162,1746003600,1746007200,333
1163,1746007200,1746010800,334
1164,1746010800,1746014400,334
1165,1746014400,1746018000,333
1166,1746018000,1746021600,328
1167,1746021600,1746025200,329
1168,1746025200,1746028800,333
1169,1746028800,1746032400,331
1170,1746032400,1746036000,329
1171,1746036000,1746039600,322
1172,1746039600,1746043200,321
1173,1746043200,1746046800,324
1174,1746046800,1746050400,326
1175,1746050400,1746054000,325
1176,1746054000,1746057600,325
1177,1746057600,1746061200,322
1178,1746061200,1746064800,322
1179,1746064800,1746068400,323
1180,1746068400,1746072000,321
1181,1746072000,1746075600,324
1182,1746075600,1746079200,331
1183,1746079200,1746082800,324
1184,1746082800,1746086400,319
1185,1746086400,1746090000,321
1186,1746090000,1746093600,320
1187,1746093600,1746097200,320
1188,1746097200,1746100800,317
1189,1746100800,1746104400,316
1190,1746104400,1746108000,315
1191,1746108000,1746111600,313
1192,1746111600,1746115200,313
1193,1746115200,1746118800,313
1194,1746118800,1746122400,309
1195,1746122400,1746126000,310
1196,1746126000,1746129600,314
1197,1746129600,1746133200,314
1198,1746133200,1746136800,319
1199,1746136800,1746140400,331
1200,1746140400,1746144000,333
1201,1746144000,1746147600,333
1202,1746147600,1746151200,334
1203,1746151200,1746154800,333
1204,1746154800,1746158400,327
1205,1746158400,1746162000,326
1206,1746162000,1746165600,328
1207,1746165600,1746169200,327
1208,1746169200,1746172800,329
1209,1746172800,1746176400,324
1210,1746176400,1746180000,329
1211,1746180000,1746183600,313
1212,1746183600,1746187200,310
1213,1746187200,1746190800,303
1214,1746190800,1746194400,305
1215,1746194400,1746198000,332
1216,1746198000,1746201600,334
1217,1746201600,1746205200,329
1218,1746205200,1746208800,332
1219,1746208800,1746212400,327
1220,1746212400,1746216000,330
1221,1746216000,1746219600,331
1222,1746219600,1746223200,332
1223,1746223200,1746226800,334
1224,1746226800,1746230400,334
1225,1746230400,1746234000,334
1226,1746234000,1746237600,334
1227,1746237600,1746241200,323
1228,1746241200,1746244800,322
1229,1746244800,1746248400,320
1230,1746248400,1746252000,321
1231,1746252000,1746255600,319
1232,1746255600,1746259200,320
1233,1746259200,1746262800,320
1234,1746262800,1746266400,320
1235,1746266400,1746270000,321
1236,1746270000,1746273600,322
1237,1746273600,1746277200,324
1238,1746277200,1746280800,326
1239,1746280800,1746284400,330
1240,1746284400,1746288000,332
1241,1746288000,1746291600,335
1242,1746291600,1746295200,335
1243,1746295200,1746298800,334
1244,1746298800,1746302400,335
1245,1746302400,1746306000,337
1246,1746306000,1746309600,338
1247,1746309600,1746313200,339
1248,1746313200,1746316800,340
1249,1746316800,1746320400,338
1250,1746320400,1746324000,326
1251,1746324000,1746327600,327
1252,1746327600,1746331200,328
1253,1746331200,1746334800,330
1254,1746334800,1746338400,331
1255,1746338400,1746342000,330
1256,1746342000,1746345600,333
1257,1746345600,1746349200,334
1258,1746349200,1746352800,334
1259,1746352800,1746356400,335
1260,1746356400,1746360000,336
1261,1746360000,1746363600,335
1262,1746363600,1746367200,338
1263,1746367200,1746370800,338
1264,1746370800,1746374400,338
1265,1746374400,1746378000,339
1266,1746378000,1746381600,340
1267,1746381600,1746385200,339
1268,1746385200,1746388800,340
1269,1746388800,1746392400,340
1270,1746392400,1746396000,344
1271,1746396000,1746399600,344
1272,1746399600,1746403200,344
1273,1746403200,1746406800,343
1274,1746406800,1746410400,343
1275,1746410400,1746414000,341
1276,1746414000,1746417600,340
1277,1746417600,1746421200,331
1278,1746421200,1746424800,327
1279,1746424800,1746428400,324
1280,1746428400,1746432000,325
1281,1746432000,1746435600,322
1282,1746435600,1746439200,323
1283,1746439200,1746442800,322
1284,1746442800,1746446400,320
1285,1746446400,1746450000,318
1286,1746450000,1746453600,325
1287,1746453600,1746457200,327
1288,1746457200,1746460800,326
1289,1746460800,1746464400,327
1290,1746464400,1746468000,328
1291,1746468000,1746471600,330
1292,1746471600,1746475200,326
1293,1746475200,1746478800,323
1294,1746478800,1746482400,323
1295,1746482400,1746486000,320
1296,1746486000,1746489600,320
1297,1746489600,1746493200,321
1298,1746493200,1746496800,320
1299,1746496800,1746500400,315
1300,1746500400,1746504000,311
1301,1746504000,1746507600,307
1302,1746507600,1746511200,305
1303,1746511200,1746514800,304
1304,1746514800,1746518400,306
1305,1746518400,1746522000,302
1306,1746522000,1746525600,302
1307,1746525600,1746529200,304
1308,1746529200,1746532800,304
1309,1746532800,1746536400,307
1310,1746536400,1746540000,308
1311,1746540000,1746543600,309
1312,1746543600,1746547200,308
1313,1746547200,1746550800,312
1314,1746550800,1746554400,314
1315,1746554400,1746558000,314
1316,1746558000,1746561600,316
1317,1746561600,1746565200,318
1318,1746565200,1746568800,318
1319,1746568800,1746572400,321
1320,1746572400,1746576000,321
1321,1746576000,1746579600,322
1322,1746579600,1746583200,323
1323,1746583200,1746586800,322
1324,1746586800,1746590400,314
1325,1746590400,1746594000,306
1326,1746594000,1746597600,306
1327,1746597600,1746601200,305
1328,1746601200,1746604800,298
1329,1746604800,1746608400,287
1330,1746608400,1746612000,297
1331,1746612000,1746615600,299
1332,1746615600,1746619200,297
1333,1746619200,1746622800,298
1334,1746622800,1746626400,299
1335,1746626400,1746630000,300
1336,1746630000,1746633600,300
1337,1746633600,1746637200,302
1338,1746637200,1746640800,301
1339,1746640800,1746644400,303
1340,1746644400,1746648000,302
1341,1746648000,1746651600,304
1342,1746651600,1746655200,304
1343,1746655200,1746658800,304
1344,1746658800,1746662400,304
1345,1746662400,1746666000,301
1346,1746666000,1746669600,306
1347,1746669600,1746673200,316
1348,1746673200,1746676800,315
1349,1746676800,1746680400,318
1350,1746680400,1746684000,314
1351,1746684000,1746687600,314
1352,1746687600,1746691200,313
1353,1746691200,1746694800,312
1354,1746694800,1746698400,314
1355,1746698400,1746702000,313
1356,1746702000,1746705600,313
1357,1746705600,1746709200,315
1358,1746709200,1746712800,314
1359,1746712800,1746716400,311
1360,1746716400,1746720000,310
1361,1746720000,1746723600,306
1362,1746723600,1746727200,306
1363,1746727200,1746730800,307
1364,1746730800,1746734400,308
1365,1746734400,1746738000,307
1366,1746738000,1746741600,314
1367,1746741600,1746745200,317
1368,1746745200,1746748800,315
1369,1746748800,1746752400,316
1370,1746752400,1746756000,319
1371,1746756000,1746759600,322
1372,1746759600,1746763200,319
1373,1746763200,1746766800,311
1374,1746766800,1746770400,309
1375,1746770400,1746774000,308
1376,1746774000,1746777600,311
1377,1746777600,1746781200,314
1378,1746781200,1746784800,314
1379,1746784800,1746788400,315
1380,1746788400,1746792000,307
1381,1746792000,1746795600,303
1382,1746795600,1746799200,304
1383,1746799200,1746802800,305
1384,1746802800,1746806400,306
1385,1746806400,1746810000,307
1386,1746810000,1746813600,309
1387,1746813600,1746817200,309
1388,1746817200,1746820800,312
1389,1746820800,1746824400,311
1390,1746824400,1746828000,314
1391,1746828000,1746831600,318
1392,1746831600,1746835200,322
1393,1746835200,1746838800,325
1394,1746838800,1746842400,327
1395,1746842400,1746846000,327
1396,1746846000,1746849600,326
1397,1746849600,1746853200,327
1398,1746853200,1746856800,325
1399,1746856800,1746860400,327
1400,1746860400,1746864000,326
1401,1746864000,1746867600,325
1402,1746867600,1746871200,324
1403,1746871200,1746874800,324
1404,1746874800,1746878400,326
1405,1746878400,1746882000,327
1406,1746882000,1746885600,329
1407,1746885600,1746889200,332
1408,1746889200,1746892800,332
1409,1746892800,1746896400,330
1410,1746896400,1746900000,332
1411,1746900000,1746903600,333
1412,1746903600,1746907200,326
1413,1746907200,1746910800,328
1414,1746910800,1746914400,325
1415,1746914400,1746918000,326
1416,1746918000,1746921600,329
1417,1746921600,1746925200,328
1418,1746925200,1746928800,327
1419,1746928800,1746932400,327
1420,1746932400,1746936000,326
1421,1746936000,1746939600,326
1422,1746939600,1746943200,328
1423,1746943200,1746946800,327
1424,1746946800,1746950400,328
1425,1746950400,1746954000,327
1426,1746954000,1746957600,326
1427,1746957600,1746961200,326
1428,1746961200,1746964800,326
1429,1746964800,1746968400,324
1430,1746968400,1746972000,327
1431,1746972000,1746975600,324
1432,1746975600,1746979200,324
1433,1746979200,1746982800,328
1434,1746982800,1746986400,330
1435,1746986400,1746990000,326
1436,1746990000,1746993600,325
1437,1746993600,1746997200,321
1438,1746997200,1747000800,325
1439,1747000800,1747004400,328
1440,1747004400,1747008000,326
1441,1747008000,1747011600,326
1442,1747011600,1747015200,324
1443,1747015200,1747018800,323
1444,1747018800,1747022400,322
1445,1747022400,1747026000,315
1446,1747026000,1747029600,314
1447,1747029600,1747033200,316
1448,1747033200,1747036800,315
1449,1747036800,1747040400,317
1450,1747040400,1747044000,314
1451,1747044000,1747047600,313
1452,1747047600,1747051200,315
1453,1747051200,1747054800,313
1454,1747054800,1747058400,313
1455,1747058400,1747062000,315
1456,1747062000,1747065600,317
1457,1747065600,1747069200,315
1458,1747069200,1747072800,316
1459,1747072800,1747076400,319
1460,1747076400,1747080000,318
1461,1747080000,1747083600,319
1462,1747083600,1747087200,321
1463,1747087200,1747090800,322
1464,1747090800,1747094400,321
1465,1747094400,1747098000,322
1466,1747098000,1747101600,323
1467,1747101600,1747105200,323
1468,1747105200,1747108800,319
1469,1747108800,1747112400,310
1470,1747112400,1747116000,308
1471,1747116000,1747119600,307
1472,1747119600,1747123200,308
1473,1747123200,1747126800,308
1474,1747126800,1747130400,307
1475,1747130400,1747134000,310
1476,1747134000,1747137600,314
1477,1747137600,1747141200,318
1478,1747141200,1747144800,319
1479,1747144800,1747148400,308
1480,1747148400,1747152000,318
1481,1747152000,1747155600,320
1482,1747155600,1747159200,323
1483,1747159200,1747162800,325
1484,1747162800,1747166400,325
1485,1747166400,1747170000,323
1486,1747170000,1747173600,324
1487,1747173600,1747177200,326
1488,1747177200,1747180800,326
1489,1747180800,1747184400,322
1490,1747184400,1747188000,312
1491,1747188000,1747191600,294
1492,1747191600,1747195200,288
1493,1747195200,1747198800,302
1494,1747198800,1747202400,316
1495,1747202400,1747206000,311
1496,1747206000,1747209600,320
1497,1747209600,1747213200,317
1498,1747213200,1747216800,319
1499,1747216800,1747220400,319
1500,1747220400,1747224000,319
1501,1747224000,1747227600,318
1502,1747227600,1747231200,319
1503,1747231200,1747234800,321
1504,1747234800,1747238400,324
1505,1747238400,1747242000,323
1506,1747242000,1747245600,324
1507,1747245600,1747249200,325
1508,1747249200,1747252800,325
1509,1747252800,1747256400,326
1510,1747256400,1747260000,326
1511,1747260000,1747263600,327
1512,1747263600,1747267200,325
1513,1747267200,1747270800,325
1514,1747270800,1747274400,326
1515,1747274400,1747278000,316
1516,1747278000,1747281600,315
1517,1747281600,1747285200,315
1518,1747285200,1747288800,317
1519,1747288800,1747292400,317
1520,1747292400,1747296000,317
1521,1747296000,1747299600,319
1522,1747299600,1747303200,318
1523,1747303200,1747306800,312
1524,1747306800,1747310400,311
1525,1747310400,1747314000,297
1526,1747314000,1747317600,313
1527,1747317600,1747321200,314
1528,1747321200,1747324800,316
1529,1747324800,1747328400,315
1530,1747328400,1747332000,316
1531,1747332000,1747335600,318
1532,1747335600,1747339200,319
1533,1747339200,1747342800,319
1534,1747342800,1747346400,321
1535,1747346400,1747350000,321
1536,1747350000,1747353600,320
1537,1747353600,1747357200,319
1538,1747357200,1747360800,321
1539,1747360800,1747364400,320
1540,1747364400,1747368000,316
1541,1747368000,1747371600,317
1542,1747371600,1747375200,318
1543,1747375200,1747378800,314
1544,1747378800,1747382400,315
1545,1747382400,1747386000,313
1546,1747386000,1747389600,309
1547,1747389600,1747393200,309
1548,1747393200,1747396800,310
1549,1747396800,1747400400,313
1550,1747400400,1747404000,315
1551,1747404000,1747407600,316
1552,1747407600,1747411200,316
1553,1747411200,1747414800,315
1554,1747414800,1747418400,316
1555,1747418400,1747422000,319
1556,1747422000,1747425600,325
1557,1747425600,1747429200,326
1558,1747429200,1747432800,328
1559,1747432800,1747436400,329
1560,1747436400,1747440000,329
1561,1747440000,1747443600,331
1562,1747443600,1747447200,323
1563,1747447200,1747450800,324
1564,1747450800,1747454400,320
1565,1747454400,1747458000,315
1566,1747458000,1747461600,315
1567,1747461600,1747465200,317
1568,1747465200,1747468800,318
1569,1747468800,1747472400,317
1570,1747472400,1747476000,318
1571,1747476000,1747479600,317
1572,1747479600,1747483200,320
1573,1747483200,1747486800,322
1574,1747486800,1747490400,324
1575,1747490400,1747494000,324
1576,1747494000,1747497600,325
1577,1747497600,1747501200,324
1578,1747501200,1747504800,326
1579,1747504800,1747508400,327
1580,1747508400,1747512000,328
1581,1747512000,1747515600,329
1582,1747515600,1747519200,331
1583,1747519200,1747522800,331
1584,1747522800,1747526400,331
1585,1747526400,1747530000,320
1586,1747530000,1747533600,322
1587,1747533600,1747537200,320
1588,1747537200,1747540800,318
1589,1747540800,1747544400,318
1590,1747544400,1747548000,318
1591,1747548000,1747551600,318
1592,1747551600,1747555200,319
1593,1747555200,1747558800,320
1594,1747558800,1747562400,322
1595,1747562400,1747566000,322
1596,1747566000,1747569600,323
1597,1747569600,1747573200,322
1598,1747573200,1747576800,324
1599,1747576800,1747580400,328
1600,1747580400,1747584000,329
1601,1747584000,1747587600,329
1602,1747587600,1747591200,326
1603,1747591200,1747594800,326
1604,1747594800,1747598400,328
1605,1747598400,1747602000,327
1606,1747602000,1747605600,329
1607,1747605600,1747609200,327
1608,1747609200,1747612800,329
1609,1747612800,1747616400,329
1610,1747616400,1747620000,331
1611,1747620000,1747623600,322
1612,1747623600,1747627200,316
1613,1747627200,1747630800,313
1614,1747630800,1747634400,314
1615,1747634400,1747638000,314
1616,1747638000,1747641600,313
1617,1747641600,1747645200,314
1618,1747645200,1747648800,315
1619,1747648800,1747652400,315
1620,1747652400,1747656000,314
1621,1747656000,1747659600,313
1622,1747659600,1747663200,313
1623,1747663200,1747666800,321
1624,1747666800,1747670400,324
1625,1747670400,1747674000,320
1626,1747674000,1747677600,320
1627,1747677600,1747681200,321
1628,1747681200,1747684800,322
1629,1747684800,1747688400,323
1630,1747688400,1747692000,323
1631,1747692000,1747695600,324
1632,1747695600,1747699200,324
1633,1747699200,1747702800,324
1634,1747702800,1747706400,321
1635,1747706400,1747710000,326
1636,1747710000,1747713600,322
1637,1747713600,1747717200,317
1638,1747717200,1747720800,318
1639,1747720800,1747724400,316
1640,1747724400,1747728000,318
1641,1747728000,1747731600,319
1642,1747731600,1747735200,319
1643,1747735200,1747738800,318
1644,1747738800,1747742400,318
1645,1747742400,1747746000,318
1646,1747746000,1747749600,321
1647,1747749600,1747753200,322
1648,1747753200,1747756800,322
1649,1747756800,1747760400,323
1650,1747760400,1747764000,323
1651,1747764000,1747767600,324
1652,1747767600,1747771200,324
1653,1747771200,1747774800,325
1654,1747774800,1747778400,323
1655,1747778400,1747782000,328
1656,1747782000,1747785600,330
1657,1747785600,1747789200,332
1658,1747789200,1747792800,327
1659,1747792800,1747796400,327
1660,1747796400,1747800000,319
1661,1747800000,1747803600,321
1662,1747803600,1747807200,318
1663,1747807200,1747810800,312
1664,1747810800,1747814400,314
1665,1747814400,1747818000,316
1666,1747818000,1747821600,299
1667,1747821600,1747825200,297
1668,1747825200,1747828800,301
1669,1747828800,1747832400,298
1670,1747832400,1747836000,304
1671,1747836000,1747839600,306
1672,1747839600,1747843200,308
1673,1747843200,1747846800,311
1674,1747846800,1747850400,311
1675,1747850400,1747854000,311
1676,1747854000,1747857600,315
1677,1747857600,1747861200,316
1678,1747861200,1747864800,318
1679,1747864800,1747868400,320
1680,1747868400,1747872000,322
1681,1747872000,1747875600,327
1682,1747875600,1747879200,309
1683,1747879200,1747882800,320
1684,1747882800,1747886400,317
1685,1747886400,1747890000,315
1686,1747890000,1747893600,317
1687,1747893600,1747897200,315
1688,1747897200,1747900800,315
1689,1747900800,1747904400,309
1690,1747904400,1747908000,307
1691,1747908000,1747911600,305
1692,1747911600,1747915200,306
1693,1747915200,1747918800,306
1694,1747918800,1747922400,303
1695,1747922400,1747926000,305
1696,1747926000,1747929600,305
1697,1747929600,1747933200,302
1698,1747933200,1747936800,305
1699,1747936800,1747940400,311
1700,1747940400,1747944000,313
1701,1747944000,1747947600,314
1702,1747947600,1747951200,317
1703,1747951200,1747954800,323
1704,1747954800,1747958400,324
1705,1747958400,1747962000,323
1706,1747962000,1747965600,325
1707,1747965600,1747969200,318
1708,1747969200,1747972800,307
1709,1747972800,1747976400,306
1710,1747976400,1747980000,305
1711,1747980000,1747983600,304
1712,1747983600,1747987200,303
1713,1747987200,1747990800,304
1714,1747990800,1747994400,304
1715,1747994400,1747998000,303
1716,1747998000,1748001600,303
1717,1748001600,1748005200,304
1718,1748005200,1748008800,305
1719,1748008800,1748012400,306
1720,1748012400,1748016000,309
1721,1748016000,1748019600,311
1722,1748019600,1748023200,315
1723,1748023200,1748026800,310
1724,1748026800,1748030400,314
1725,1748030400,1748034000,314
1726,1748034000,1748037600,316
1727,1748037600,1748041200,320
1728,1748041200,1748044800,328
1729,1748044800,1748048400,330
1730,1748048400,1748052000,330
1731,1748052000,1748055600,333
1732,1748055600,1748059200,330
1733,1748059200,1748062800,329
1734,1748062800,1748066400,331
1735,1748066400,1748070000,323
1736,1748070000,1748073600,321
1737,1748073600,1748077200,309
1738,1748077200,1748080800,307
1739,1748080800,1748084400,306
1740,1748084400,1748088000,307
1741,1748088000,1748091600,308
1742,1748091600,1748095200,309
1743,1748095200,1748098800,308
1744,1748098800,1748102400,313
1745,1748102400,1748106000,317
1746,1748106000,1748109600,322
1747,1748109600,1748113200,320
1748,1748113200,1748116800,322
1749,1748116800,1748120400,327
1750,1748120400,1748124000,333
1751,1748124000,1748127600,331
1752,1748127600,1748131200,337
1753,1748131200,1748134800,329
1754,1748134800,1748138400,323
1755,1748138400,1748142000,316
1756,1748142000,1748145600,308
1757,1748145600,1748149200,307
1758,1748149200,1748152800,316
1759,1748152800,1748156400,309
1760,1748156400,1748160000,310
1761,1748160000,1748163600,301
1762,1748163600,1748167200,300
1763,1748167200,1748170800,302
1764,1748170800,1748174400,300
1765,1748174400,1748178000,298
1766,1748178000,1748181600,296
1767,1748181600,1748185200,298
1768,1748185200,1748188800,298
1769,1748188800,1748192400,297
1770,1748192400,1748196000,294
1771,1748196000,1748199600,314
1772,1748199600,1748203200,316
1773,1748203200,1748206800,318
1774,1748206800,1748210400,318
1775,1748210400,1748214000,330
1776,1748214000,1748217600,332
1777,1748217600,1748221200,328
1778,1748221200,1748224800,327
1779,1748224800,1748228400,323
1780,1748228400,1748232000,306
1781,1748232000,1748235600,306
1782,1748235600,1748239200,300
1783,1748239200,1748242800,301
1784,1748242800,1748246400,296
1785,1748246400,1748250000,300
1786,1748250000,1748253600,301
1787,1748253600,1748257200,304
1788,1748257200,1748260800,303
1789,1748260800,1748264400,298
1790,1748264400,1748268000,304
1791,1748268000,1748271600,306
1792,1748271600,1748275200,312
1793,1748275200,1748278800,319
1794,1748278800,1748282400,314
1795,1748282400,1748286000,310
1796,1748286000,1748289600,305
1797,1748289600,1748293200,302
1798,1748293200,1748296800,299
1799,1748296800,1748300400,300
1800,1748300400,1748304000,302
1801,1748304000,1748307600,297
1802,1748307600,1748311200,300
1803,1748311200,1748314800,302
1804,1748314800,1748318400,292
1805,1748318400,1748322000,295
1806,1748322000,1748325600,295
1807,1748325600,1748329200,299
1808,1748329200,1748332800,293
1809,1748332800,1748336400,292
1810,1748336400,1748340000,292
1811,1748340000,1748343600,288
1812,1748343600,1748347200,293
1813,1748347200,1748350800,297
1814,1748350800,1748354400,298
1815,1748354400,1748358000,298
1816,1748358000,1748361600,295
1817,1748361600,1748365200,295
1818,1748365200,1748368800,294
1819,1748368800,1748372400,295
1820,1748372400,1748376000,294
1821,1748376000,1748379600,294
1822,1748379600,1748383200,294
1823,1748383200,1748386800,292
1824,1748386800,1748390400,292
1825,1748390400,1748394000,292
1826,1748394000,1748397600,292
1827,1748397600,1748401200,293
1828,1748401200,1748404800,292
1829,1748404800,1748408400,293
1830,1748408400,1748412000,297
1831,1748412000,1748415600,307
1832,1748415600,1748419200,306
1833,1748419200,1748422800,302
1834,1748422800,1748426400,301
1835,1748426400,1748430000,300
1836,1748430000,1748433600,303
1837,1748433600,1748437200,305
1838,1748437200,1748440800,304
1839,1748440800,1748444400,305
1840,1748444400,1748448000,307
1841,1748448000,1748451600,309
1842,1748451600,1748455200,309
1843,1748455200,1748458800,310
1844,1748458800,1748462400,312
1845,1748462400,1748466000,313
1846,1748466000,1748469600,316
1847,1748469600,1748473200,320
1848,1748473200,1748476800,320
1849,1748476800,1748480400,319
1850,1748480400,1748484000,320
1851,1748484000,1748487600,314
1852,1748487600,1748491200,311
1853,1748491200,1748494800,311
1854,1748494800,1748498400,312
1855,1748498400,1748502000,312
1856,1748502000,1748505600,314
1857,1748505600,1748509200,312
1858,1748509200,1748512800,311
1859,1748512800,1748516400,309
1860,1748516400,1748520000,313
1861,1748520000,1748523600,315
1862,1748523600,1748527200,314
1863,1748527200,1748530800,317
1864,1748530800,1748534400,307
1865,1748534400,1748538000,306
1866,1748538000,1748541600,306
1867,1748541600,1748545200,306
1868,1748545200,1748548800,308
1869,1748548800,1748552400,308
1870,1748552400,1748556000,308
1871,1748556000,1748559600,308
1872,1748559600,1748563200,310
1873,1748563200,1748566800,309
1874,1748566800,1748570400,306
1875,1748570400,1748574000,310
1876,1748574000,1748577600,303
1877,1748577600,1748581200,303
1878,1748581200,1748584800,306
1879,1748584800,1748588400,305
1880,1748588400,1748592000,307
1881,1748592000,1748595600,302
1882,1748595600,1748599200,302
1883,1748599200,1748602800,309
1884,1748602800,1748606400,312
1885,1748606400,1748610000,303
1886,1748610000,1748613600,302
1887,1748613600,1748617200,304
1888,1748617200,1748620800,306
1889,1748620800,1748624400,308
1890,1748624400,1748628000,310
1891,1748628000,1748631600,311
1892,1748631600,1748635200,313
1893,1748635200,1748638800,315
1894,1748638800,1748642400,315
1895,1748642400,1748646000,315
1896,1748646000,1748649600,318
1897,1748649600,1748653200,320
1898,1748653200,1748656800,323
1899,1748656800,1748660400,322
1900,1748660400,1748664000,323
1901,1748664000,1748667600,315
1902,1748667600,1748671200,312
1903,1748671200,1748674800,312
1904,1748674800,1748678400,313
1905,1748678400,1748682000,313
1906,1748682000,1748685600,315
1907,1748685600,1748689200,309
1908,1748689200,1748692800,318
1909,1748692800,1748696400,320
1910,1748696400,1748700000,323
1911,1748700000,1748703600,326
1912,1748703600,1748707200,328
1913,1748707200,1748710800,328
1914,1748710800,1748714400,326
1915,1748714400,1748718000,325
1916,1748718000,1748721600,327
1917,1748721600,1748725200,326
1918,1748725200,1748728800,330
1919,1748728800,1748732400,332
1920,1748732400,1748736000,336
1921,1748736000,1748739600,337
1922,1748739600,1748743200,338
1923,1748743200,1748746800,335
1924,1748746800,1748750400,341
1925,1748750400,1748754000,346
1926,1748754000,1748757600,335
1927,1748757600,1748761200,332
1928,1748761200,1748764800,331
1929,1748764800,1748768400,328
1930,1748768400,1748772000,323
1931,1748772000,1748775600,324
1932,1748775600,1748779200,319
1933,1748779200,1748782800,319
1934,1748782800,1748786400,323
1935,1748786400,1748790000,330
1936,1748790000,1748793600,327
1937,1748793600,1748797200,334
1938,1748797200,1748800800,330
1939,1748800800,1748804400,329
1940,1748804400,1748808000,330
1941,1748808000,1748811600,332
1942,1748811600,1748815200,333
1943,1748815200,1748818800,333
1944,1748818800,1748822400,335
1945,1748822400,1748826000,335
1946,1748826000,1748829600,337
1947,1748829600,1748833200,326
1948,1748833200,1748836800,320
1949,1748836800,1748840400,320
1950,1748840400,1748844000,319
1951,1748844000,1748847600,317
1952,1748847600,1748851200,317
1953,1748851200,1748854800,314
1954,1748854800,1748858400,314
1955,1748858400,1748862000,314
1956,1748862000,1748865600,315
1957,1748865600,1748869200,311
1958,1748869200,1748872800,303
1959,1748872800,1748876400,311
1960,1748876400,1748880000,313
1961,1748880000,1748883600,316
1962,1748883600,1748887200,319
1963,1748887200,1748890800,320
1964,1748890800,1748894400,322
1965,1748894400,1748898000,324
1966,1748898000,1748901600,325
1967,1748901600,1748905200,325
1968,1748905200,1748908800,327
1969,1748908800,1748912400,328
1970,1748912400,1748916000,328
1971,1748916000,1748919600,325
1972,1748919600,1748923200,320
1973,1748923200,1748926800,314
1974,1748926800,1748930400,315
1975,1748930400,1748934000,315
1976,1748934000,1748937600,314
1977,1748937600,1748941200,315
1978,1748941200,1748944800,322
1979,1748944800,1748948400,319
1980,1748948400,1748952000,318
1981,1748952000,1748955600,318
1982,1748955600,1748959200,318
1983,1748959200,1748962800,318
1984,1748962800,1748966400,320
1985,1748966400,1748970000,323
1986,1748970000,1748973600,324
1987,1748973600,1748977200,326
1988,1748977200,1748980800,327
1989,1748980800,1748984400,328
1990,1748984400,1748988000,329
1991,1748988000,1748991600,330
1992,1748991600,1748995200,331
1993,1748995200,1748998800,331
1994,1748998800,1749002400,332
1995,1749002400,1749006000,333
1996,1749006000,1749009600,331
1997,1749009600,1749013200,329
1998,1749013200,1749016800,327
1999,1749016800,1749020400,321
2000,1749020400,1749024000,321
2001,1749024000,1749027600,320
2002,1749027600,1749031200,316
2003,1749031200,1749034800,318
2004,1749034800,1749038400,319
2005,1749038400,1749042000,318
2006,1749042000,1749045600,319
2007,1749045600,1749049200,314
2008,1749049200,1749052800,317
2009,1749052800,1749056400,313
2010,1749056400,1749060000,316
2011,1749060000,1749063600,320
2012,1749063600,1749067200,323
2013,1749067200,1749070800,320
2014,1749070800,1749074400,320
2015,1749074400,1749078000,320
2016,1749078000,1749081600,321
2017,1749081600,1749085200,323
2018,1749085200,1749088800,325
2019,1749088800,1749092400,325
2020,1749092400,1749096000,324
2021,1749096000,1749099600,323
2022,1749099600,1749103200,325
2023,1749103200,1749106800,321
2024,1749106800,1749110400,319
2025,1749110400,1749114000,321
2026,1749114000,1749117600,319
2027,1749117600,1749121200,315
2028,1749121200,1749124800,320
2029,1749124800,1749128400,329
2030,1749128400,1749132000,379
2031,1749132000,1749135600,383
2032,1749135600,1749139200,383
2033,1749139200,1749142800,374
2034,1749142800,1749146400,381
2035,1749146400,1749150000,387
2036,1749150000,1749153600,387
2037,1749153600,1749157200,387
2038,1749157200,1749160800,388
2039,1749160800,1749164400,388
2040,1749164400,1749168000,392
2041,1749168000,1749171600,392
2042,1749171600,1749175200,393
2043,1749175200,1749178800,392
2044,1749178800,1749182400,391
2045,1749182400,1749186000,391
2046,1749186000,1749189600,390
2047,1749189600,1749193200,386
2048,1749193200,1749196800,379
2049,1749196800,1749200400,376
2050,1749200400,1749204000,371
2051,1749204000,1749207600,374
2052,1749207600,1749211200,372
2053,1749211200,1749214800,373
2054,1749214800,1749218400,369
2055,1749218400,1749222000,371
2056,1749222000,1749225600,376
2057,1749225600,1749229200,378
2058,1749229200,1749232800,378
2059,1749232800,1749236400,378
2060,1749236400,1749240000,377
2061,1749240000,1749243600,380
2062,1749243600,1749247200,379
2063,1749247200,1749250800,384
2064,1749250800,1749254400,381
2065,1749254400,1749258000,380
2066,1749258000,1749261600,389
2067,1749261600,1749265200,399
2068,1749265200,1749268800,393
2069,1749268800,1749272400,391
2070,1749272400,1749276000,391
2071,1749276000,1749279600,388
2072,1749279600,1749283200,384
2073,1749283200,1749286800,385
2074,1749286800,1749290400,387
2075,1749290400,1749294000,390
2076,1749294000,1749297600,388
2077,1749297600,1749301200,386
2078,1749301200,1749304800,389
2079,1749304800,1749308400,396
2080,1749308400,1749312000,391
2081,1749312000,1749315600,393
2082,1749315600,1749319200,391
2083,1749319200,1749322800,391
2084,1749322800,1749326400,388
2085,1749326400,1749330000,389
2086,1749330000,1749333600,392
2087,1749333600,1749337200,390
2088,1749337200,1749340800,391
2089,1749340800,1749344400,392
2090,1749344400,1749348000,392
2091,1749348000,1749351600,392
2092,1749351600,1749355200,397
2093,1749355200,1749358800,394
2094,1749358800,1749362400,388
2095,1749362400,1749366000,385
2096,1749366000,1749369600,383
2097,1749369600,1749373200,382
2098,1749373200,1749376800,382
2099,1749376800,1749380400,382
2100,1749380400,1749384000,380
2101,1749384000,1749387600,376
2102,1749387600,1749391200,365
2103,1749391200,1749394800,361
2104,1749394800,1749398400,357
2105,1749398400,1749402000,356
2106,1749402000,1749405600,355
2107,1749405600,1749409200,357
2108,1749409200,1749412800,358
2109,1749412800,1749416400,361
2110,1749416400,1749420000,361
2111,1749420000,1749423600,363
2112,1749423600,1749427200,373
2113,1749427200,1749430800,378
2114,1749430800,1749434400,379
2115,1749434400,1749438000,381
2116,1749438000,1749441600,379
2117,1749441600,1749445200,371
2118,1749445200,1749448800,369
2119,1749448800,1749452400,371
2120,1749452400,1749456000,373
2121,1749456000,1749459600,370
2122,1749459600,1749463200,366
2123,1749463200,1749466800,366
2124,1749466800,1749470400,362
2125,1749470400,1749474000,359
2126,1749474000,1749477600,363
2127,1749477600,1749481200,365
2128,1749481200,1749484800,365
2129,1749484800,1749488400,366
2130,1749488400,1749492000,369
2131,1749492000,1749495600,370
2132,1749495600,1749499200,370
2133,1749499200,1749502800,372
2134,1749502800,1749506400,373
2135,1749506400,1749510000,374
2136,1749510000,1749513600,378
2137,1749513600,1749517200,385
2138,1749517200,1749520800,387
2139,1749520800,1749524400,382
2140,1749524400,1749528000,377
2141,1749528000,1749531600,377
2142,1749531600,1749535200,377
2143,1749535200,1749538800,377
2144,1749538800,1749542400,379
2145,1749542400,1749546000,377
2146,1749546000,1749549600,375
2147,1749549600,1749553200,374
2148,1749553200,1749556800,374
2149,1749556800,1749560400,374
2150,1749560400,1749564000,374
2151,1749564000,1749567600,375
2152,1749567600,1749571200,376
2153,1749571200,1749574800,379
2154,1749574800,1749578400,380
2155,1749578400,1749582000,381
2156,1749582000,1749585600,383
2157,1749585600,1749589200,384
2158,1749589200,1749592800,385
2159,1749592800,1749596400,387
2160,1749596400,1749600000,387
2161,1749600000,1749603600,387
2162,1749603600,1749607200,388
2163,1749607200,1749610800,388
2164,1749610800,1749614400,386
2165,1749614400,1749618000,387
2166,1749618000,1749621600,388
2167,1749621600,1749625200,387
2168,1749625200,1749628800,385
2169,1749628800,1749632400,384
2170,1749632400,1749636000,385
2171,1749636000,1749639600,383
2172,1749639600,1749643200,377
2173,1749643200,1749646800,373
2174,1749646800,1749650400,373
2175,1749650400,1749654000,373
2176,1749654000,1749657600,378
2177,1749657600,1749661200,380
2178,1749661200,1749664800,383
2179,1749664800,1749668400,382
2180,1749668400,1749672000,384
2181,1749672000,1749675600,385
2182,1749675600,1749679200,383
2183,1749679200,1749682800,381
2184,1749682800,1749686400,384
2185,1749686400,1749690000,386
2186,1749690000,1749693600,391
2187,1749693600,1749697200,392
2188,1749697200,1749700800,391
2189,1749700800,1749704400,384
2190,1749704400,1749708000,373
2191,1749708000,1749711600,371
2192,1749711600,1749715200,372
2193,1749715200,1749718800,370
2194,1749718800,1749722400,372
2195,1749722400,1749726000,373
2196,1749726000,1749729600,374
2197,1749729600,1749733200,373
2198,1749733200,1749736800,374
2199,1749736800,1749740400,374
2200,1749740400,1749744000,377
2201,1749744000,1749747600,376
2202,1749747600,1749751200,377
2203,1749751200,1749754800,380
2204,1749754800,1749758400,380
2205,1749758400,1749762000,376
2206,1749762000,1749765600,376
2207,1749765600,1749769200,377
2208,1749769200,1749772800,383
2209,1749772800,1749776400,385
2210,1749776400,1749780000,388
2211,1749780000,1749783600,394
2212,1749783600,1749787200,396
2213,1749787200,1749790800,394
2214,1749790800,1749794400,394
2215,1749794400,1749798000,374
2216,1749798000,1749801600,372
2217,1749801600,1749805200,371
2218,1749805200,1749808800,371
2219,1749808800,1749812400,372
2220,1749812400,1749816000,371
2221,1749816000,1749819600,370
2222,1749819600,1749823200,370
2223,1749823200,1749826800,374
2224,1749826800,1749830400,379
2225,1749830400,1749834000,385
2226,1749834000,1749837600,390
2227,1749837600,1749841200,389
2228,1749841200,1749844800,375
2229,1749844800,1749848400,372
2230,1749848400,1749852000,375
2231,1749852000,1749855600,371
2232,1749855600,1749859200,374
2233,1749859200,1749862800,376
2234,1749862800,1749866400,375
2235,1749866400,1749870000,370
2236,1749870000,1749873600,375
2237,1749873600,1749877200,375
2238,1749877200,1749880800,375
2239,1749880800,1749884400,369
2240,1749884400,1749888000,374
2241,1749888000,1749891600,376
2242,1749891600,1749895200,378
2243,1749895200,1749898800,377
2244,1749898800,1749902400,378
2245,1749902400,1749906000,380
2246,1749906000,1749909600,388
2247,1749909600,1749913200,385
2248,1749913200,1749916800,389
2249,1749916800,1749920400,386
2250,1749920400,1749924000,386
2251,1749924000,1749927600,387
2252,1749927600,1749931200,388
2253,1749931200,1749934800,390
2254,1749934800,1749938400,388
2255,1749938400,1749942000,389
2256,1749942000,1749945600,392
2257,1749945600,1749949200,392
2258,1749949200,1749952800,388
2259,1749952800,1749956400,384
2260,1749956400,1749960000,382
2261,1749960000,1749963600,378
2262,1749963600,1749967200,377
2263,1749967200,1749970800,379
2264,1749970800,1749974400,381
2265,1749974400,1749978000,380
2266,1749978000,1749981600,380
2267,1749981600,1749985200,380
2268,1749985200,1749988800,383
2269,1749988800,1749992400,383
2270,1749992400,1749996000,385
2271,1749996000,1749999600,385
2272,1749999600,1750003200,383
2273,1750003200,1750006800,386
2274,1750006800,1750010400,388
2275,1750010400,1750014000,388
2276,1750014000,1750017600,389
2277,1750017600,1750021200,391
2278,1750021200,1750024800,390
2279,1750024800,1750028400,392
2280,1750028400,1750032000,390
2281,1750032000,1750035600,391
2282,1750035600,1750039200,394
2283,1750039200,1750042800,394
2284,1750042800,1750046400,394
2285,1750046400,1750050000,382
2286,1750050000,1750053600,383
2287,1750053600,1750057200,378
2288,1750057200,1750060800,382
2289,1750060800,1750064400,381
2290,1750064400,1750068000,379
2291,1750068000,1750071600,385
2292,1750071600,1750075200,387
2293,1750075200,1750078800,383
2294,1750078800,1750082400,382
2295,1750082400,1750086000,390
2296,1750086000,1750089600,386
2297,1750089600,1750093200,387
2298,1750093200,1750096800,385
2299,1750096800,1750100400,383
2300,1750100400,1750104000,384
2301,1750104000,1750107600,385
2302,1750107600,1750111200,385
2303,1750111200,1750114800,389
2304,1750114800,1750118400,392
2305,1750118400,1750122000,393
2306,1750122000,1750125600,393
2307,1750125600,1750129200,390
2308,1750129200,1750132800,384
2309,1750132800,1750136400,381
2310,1750136400,1750140000,378
2311,1750140000,1750143600,379
2312,1750143600,1750147200,382
2313,1750147200,1750150800,385
2314,1750150800,1750154400,393
2315,1750154400,1750158000,395
2316,1750158000,1750161600,390
2317,1750161600,1750165200,384
2318,1750165200,1750168800,386
2319,1750168800,1750172400,390
2320,1750172400,1750176000,391
2321,1750176000,1750179600,389
2322,1750179600,1750183200,385
2323,1750183200,1750186800,385
2324,1750186800,1750190400,389
2325,1750190400,1750194000,390
2326,1750194000,1750197600,391
2327,1750197600,1750201200,392
2328,1750201200,1750204800,395
2329,1750204800,1750208400,390
2330,1750208400,1750212000,369
2331,1750212000,1750215600,363
2332,1750215600,1750219200,358
2333,1750219200,1750222800,357
2334,1750222800,1750226400,357
2335,1750226400,1750230000,374
2336,1750230000,1750233600,374
2337,1750233600,1750237200,373
2338,1750237200,1750240800,383
2339,1750240800,1750244400,384
2340,1750244400,1750248000,385
2341,1750248000,1750251600,387
2342,1750251600,1750255200,387
2343,1750255200,1750258800,388
2344,1750258800,1750262400,385
2345,1750262400,1750266000,386
2346,1750266000,1750269600,388
2347,1750269600,1750273200,390
2348,1750273200,1750276800,389
2349,1750276800,1750280400,391
2350,1750280400,1750284000,391
2351,1750284000,1750287600,387
2352,1750287600,1750291200,390
2353,1750291200,1750294800,392
2354,1750294800,1750298400,389
2355,1750298400,1750302000,386
2356,1750302000,1750305600,367
2357,1750305600,1750309200,361
2358,1750309200,1750312800,376
2359,1750312800,1750316400,379
2360,1750316400,1750320000,376
2361,1750320000,1750323600,376
2362,1750323600,1750327200,264
2363,1750327200,1750330800,231
2364,1750330800,1750334400,379
2365,1750334400,1750338000,382
2366,1750338000,1750341600,384
2367,1750341600,1750345200,381
2368,1750345200,1750348800,387
2369,1750348800,1750352400,381
2370,1750352400,1750356000,382
2371,1750356000,1750359600,383
2372,1750359600,1750363200,384
2373,1750363200,1750366800,383
2374,1750366800,1750370400,384
